entry_time,exit_time,direction,entry_price,exit_price,sl,tp,volume,exit_reason
2023-01-03 02:00:00,2023-01-03 04:00:00,sell,1831.32,1828.66,1836.64,1828.66,0.1,TP
2023-01-03 20:00:00,2023-01-03 21:00:00,buy,1836.19,1829.61,1829.61,1839.48,0.1,SL
2023-01-04 05:00:00,2023-01-04 07:00:00,buy,1842.32,1836.06,1836.06,1845.45,0.1,SL
2023-01-04 11:00:00,2023-01-04 12:00:00,sell,1840.0,1836.82,1846.35,1836.82,0.1,TP
2023-01-04 20:00:00,2023-01-05 01:00:00,sell,1827.53,1823.59,1835.42,1823.59,0.1,TP
2023-01-05 06:00:00,2023-01-05 07:00:00,buy,1816.23,1808.99,1808.99,1819.85,0.1,SL
2023-01-05 21:00:00,2023-01-05 23:00:00,sell,1835.5,1841.98,1841.98,1832.26,0.1,SL
2023-01-06 05:00:00,2023-01-06 06:00:00,sell,1837.53,1834.19,1844.21,1834.19,0.1,TP
2023-01-06 10:00:00,2023-01-06 11:00:00,buy,1826.78,1830.25,1819.85,1830.25,0.1,TP
2023-01-06 21:00:00,2023-01-09 01:00:00,sell,1838.73,1834.81,1846.57,1834.81,0.1,TP
2023-01-09 06:00:00,2023-01-09 07:00:00,buy,1833.15,1837.41,1824.63,1837.41,0.1,TP
2023-01-09 08:00:00,2023-01-09 10:00:00,buy,1836.88,1827.91,1827.91,1841.37,0.1,SL
2023-01-10 01:00:00,2023-01-10 02:00:00,sell,1816.96,1822.52,1822.52,1814.18,0.1,SL
2023-01-10 04:00:00,2023-01-10 05:00:00,buy,1829.7,1832.79,1823.53,1832.79,0.1,TP
2023-01-10 07:00:00,2023-01-10 08:00:00,sell,1817.79,1814.67,1824.03,1814.67,0.1,TP
2023-01-11 09:00:00,2023-01-11 10:00:00,buy,1783.45,1787.05,1776.24,1787.05,0.1,TP
2023-01-11 22:00:00,2023-01-12 00:00:00,buy,1782.66,1776.54,1776.54,1785.72,0.1,SL
2023-01-12 03:00:00,2023-01-12 04:00:00,sell,1775.09,1772.23,1780.8,1772.23,0.1,TP
2023-01-12 14:00:00,2023-01-12 16:00:00,buy,1771.69,1765.75,1765.75,1774.66,0.1,SL
2023-01-12 20:00:00,2023-01-12 21:00:00,sell,1757.43,1754.68,1762.93,1754.68,0.1,TP
2023-01-13 02:00:00,2023-01-13 04:00:00,buy,1737.29,1740.42,1731.02,1740.42,0.1,TP
2023-01-13 05:00:00,2023-01-13 08:00:00,buy,1746.79,1749.89,1740.59,1749.89,0.1,TP
2023-01-13 12:00:00,2023-01-13 13:00:00,sell,1765.18,1762.2,1771.14,1762.2,0.1,TP
2023-01-13 16:00:00,2023-01-13 17:00:00,buy,1756.53,1751.39,1751.39,1759.1,0.1,SL
2023-01-16 01:00:00,2023-01-16 02:00:00,sell,1752.19,1758.89,1758.89,1748.84,0.1,SL
2023-01-16 05:00:00,2023-01-16 07:00:00,buy,1757.36,1750.69,1750.69,1760.7,0.1,SL
2023-01-16 09:00:00,2023-01-16 11:00:00,sell,1740.38,1747.96,1747.96,1736.59,0.1,SL
2023-01-16 16:00:00,2023-01-16 17:00:00,sell,1761.48,1768.69,1768.69,1757.88,0.1,SL
2023-01-16 23:00:00,2023-01-17 01:00:00,sell,1773.02,1780.28,1780.28,1769.39,0.1,SL
2023-01-17 10:00:00,2023-01-17 12:00:00,sell,1798.73,1795.46,1805.27,1795.46,0.1,TP
2023-01-17 20:00:00,2023-01-17 23:00:00,buy,1787.97,1791.1,1781.7,1791.1,0.1,TP
2023-01-18 00:00:00,2023-01-18 01:00:00,sell,1807.27,1803.86,1814.1,1803.86,0.1,TP
2023-01-18 10:00:00,2023-01-18 11:00:00,sell,1817.31,1814.06,1823.81,1814.06,0.1,TP
2023-01-18 14:00:00,2023-01-18 15:00:00,sell,1797.7,1803.51,1803.51,1794.8,0.1,SL
2023-01-18 16:00:00,2023-01-18 17:00:00,buy,1801.7,1795.82,1795.82,1804.64,0.1,SL
2023-01-18 18:00:00,2023-01-18 19:00:00,buy,1806.49,1800.14,1800.14,1809.67,0.1,SL
2023-01-19 06:00:00,2023-01-19 07:00:00,sell,1789.54,1796.38,1796.38,1786.12,0.1,SL
2023-01-19 12:00:00,2023-01-19 13:00:00,sell,1781.9,1778.83,1788.04,1778.83,0.1,TP
2023-01-19 20:00:00,2023-01-19 21:00:00,buy,1767.74,1771.47,1760.29,1771.47,0.1,TP
2023-01-20 14:00:00,2023-01-20 15:00:00,sell,1772.25,1769.72,1777.31,1769.72,0.1,TP
2023-01-23 00:00:00,2023-01-23 03:00:00,sell,1765.42,1762.05,1772.16,1762.05,0.1,TP
2023-01-23 05:00:00,2023-01-23 06:00:00,sell,1762.44,1758.37,1770.57,1758.37,0.1,TP
2023-01-23 09:00:00,2023-01-23 10:00:00,buy,1765.84,1758.44,1758.44,1769.54,0.1,SL
2023-01-23 12:00:00,2023-01-23 16:00:00,buy,1748.99,1752.78,1741.4,1752.78,0.1,TP
2023-01-24 00:00:00,2023-01-24 01:00:00,buy,1770.2,1773.04,1764.52,1773.04,0.1,TP
2023-01-24 02:00:00,2023-01-24 03:00:00,buy,1775.23,1778.12,1769.44,1778.12,0.1,TP
2023-01-24 07:00:00,2023-01-24 09:00:00,sell,1783.04,1780.15,1788.82,1780.15,0.1,TP
2023-01-24 15:00:00,2023-01-24 17:00:00,buy,1793.63,1796.71,1787.48,1796.71,0.1,TP
2023-01-24 19:00:00,2023-01-24 20:00:00,buy,1791.68,1794.55,1785.94,1794.55,0.1,TP
2023-01-25 11:00:00,2023-01-25 13:00:00,buy,1795.57,1799.18,1788.34,1799.18,0.1,TP
2023-01-25 22:00:00,2023-01-26 00:00:00,buy,1814.55,1817.7,1808.24,1817.7,0.1,TP
2023-01-26 02:00:00,2023-01-26 03:00:00,buy,1839.36,1842.79,1832.5,1842.79,0.1,TP
2023-01-26 23:00:00,2023-01-27 02:00:00,sell,1878.39,1885.34,1885.34,1874.91,0.1,SL
2023-01-27 19:00:00,2023-01-27 20:00:00,sell,1908.13,1904.35,1915.68,1904.35,0.1,TP
2023-01-27 21:00:00,2023-01-27 22:00:00,sell,1905.84,1902.03,1913.46,1902.03,0.1,TP
2023-01-30 04:00:00,2023-01-30 05:00:00,sell,1908.17,1904.54,1915.42,1904.54,0.1,TP
2023-01-30 08:00:00,2023-01-30 09:00:00,buy,1881.05,1885.18,1872.8,1885.18,0.1,TP
2023-01-30 12:00:00,2023-01-30 14:00:00,sell,1876.38,1872.54,1884.07,1872.54,0.1,TP
2023-01-31 20:00:00,2023-01-31 21:00:00,buy,1877.54,1871.6,1871.6,1880.51,0.1,SL
2023-02-01 21:00:00,2023-02-02 01:00:00,sell,1852.21,1847.86,1860.9,1847.86,0.1,TP
2023-02-02 17:00:00,2023-02-02 19:00:00,sell,1816.35,1823.59,1823.59,1812.73,0.1,SL
2023-02-02 22:00:00,2023-02-02 23:00:00,sell,1841.36,1837.59,1848.9,1837.59,0.1,TP
2023-02-03 13:00:00,2023-02-03 15:00:00,buy,1843.31,1838.13,1838.13,1845.9,0.1,SL
2023-02-03 19:00:00,2023-02-03 20:00:00,buy,1826.57,1829.37,1820.98,1829.37,0.1,TP
2023-02-06 08:00:00,2023-02-06 10:00:00,buy,1818.62,1822.15,1811.55,1822.15,0.1,TP
2023-02-06 12:00:00,2023-02-06 15:00:00,buy,1834.23,1837.86,1826.98,1837.86,0.1,TP
2023-02-06 19:00:00,2023-02-06 22:00:00,buy,1806.7,1810.06,1799.99,1810.06,0.1,TP
2023-02-07 01:00:00,2023-02-07 02:00:00,buy,1818.68,1810.7,1810.7,1822.67,0.1,SL
2023-02-07 15:00:00,2023-02-07 16:00:00,sell,1798.46,1806.64,1806.64,1794.37,0.1,SL
2023-02-07 22:00:00,2023-02-08 00:00:00,buy,1817.1,1809.96,1809.96,1820.67,0.1,SL
2023-02-08 01:00:00,2023-02-08 03:00:00,sell,1795.08,1790.91,1803.42,1790.91,0.1,TP
2023-02-08 14:00:00,2023-02-08 17:00:00,sell,1823.8,1820.42,1830.56,1820.42,0.1,TP
2023-02-08 23:00:00,2023-02-09 01:00:00,buy,1819.29,1822.2,1813.47,1822.2,0.1,TP
2023-02-09 11:00:00,2023-02-09 12:00:00,sell,1858.75,1865.7,1865.7,1855.28,0.1,SL
2023-02-09 14:00:00,2023-02-09 15:00:00,sell,1859.8,1856.14,1867.11,1856.14,0.1,TP
2023-02-09 22:00:00,2023-02-09 23:00:00,sell,1862.21,1858.52,1869.59,1858.52,0.1,TP
2023-02-10 00:00:00,2023-02-10 02:00:00,sell,1859.96,1867.28,1867.28,1856.3,0.1,SL
2023-02-10 03:00:00,2023-02-10 05:00:00,sell,1881.66,1877.81,1889.35,1877.81,0.1,TP
2023-02-10 07:00:00,2023-02-10 08:00:00,buy,1870.51,1874.48,1862.57,1874.48,0.1,TP
2023-02-10 23:00:00,2023-02-13 00:00:00,sell,1878.78,1875.54,1885.26,1875.54,0.1,TP
2023-02-13 10:00:00,2023-02-13 12:00:00,buy,1896.18,1899.57,1889.39,1899.57,0.1,TP
2023-02-13 15:00:00,2023-02-13 18:00:00,buy,1900.98,1892.43,1892.43,1905.25,0.1,SL
2023-02-14 01:00:00,2023-02-14 02:00:00,buy,1904.1,1896.24,1896.24,1908.03,0.1,SL
2023-02-14 06:00:00,2023-02-14 08:00:00,sell,1893.83,1901.08,1901.08,1890.2,0.1,SL
2023-02-14 11:00:00,2023-02-14 14:00:00,sell,1894.03,1890.74,1900.6,1890.74,0.1,TP
2023-02-14 17:00:00,2023-02-14 19:00:00,buy,1884.96,1888.42,1878.05,1888.42,0.1,TP
2023-02-15 01:00:00,2023-02-15 03:00:00,buy,1884.65,1876.7,1876.7,1888.63,0.1,SL
2023-02-15 05:00:00,2023-02-15 06:00:00,sell,1866.93,1862.75,1875.29,1862.75,0.1,TP
2023-02-15 22:00:00,2023-02-15 23:00:00,sell,1812.88,1808.74,1821.16,1808.74,0.1,TP
2023-02-16 07:00:00,2023-02-16 08:00:00,sell,1793.26,1789.24,1801.29,1789.24,0.1,TP
2023-02-16 10:00:00,2023-02-16 13:00:00,buy,1778.27,1782.28,1770.26,1782.28,0.1,TP
2023-02-16 17:00:00,2023-02-16 18:00:00,buy,1797.64,1801.07,1790.78,1801.07,0.1,TP
2023-02-16 22:00:00,2023-02-17 01:00:00,buy,1809.35,1802.36,1802.36,1812.84,0.1,SL
2023-02-17 06:00:00,2023-02-17 07:00:00,buy,1815.44,1819.47,1807.38,1819.47,0.1,TP
2023-02-17 10:00:00,2023-02-17 12:00:00,sell,1805.86,1814.04,1814.04,1801.77,0.1,SL
2023-02-17 15:00:00,2023-02-17 16:00:00,sell,1822.71,1818.95,1830.22,1818.95,0.1,TP
2023-02-17 22:00:00,2023-02-20 01:00:00,buy,1812.44,1804.52,1804.52,1816.4,0.1,SL
2023-02-20 02:00:00,2023-02-20 05:00:00,buy,1790.58,1794.46,1782.81,1794.46,0.1,TP
2023-02-20 06:00:00,2023-02-20 09:00:00,buy,1805.65,1798.13,1798.13,1809.41,0.1,SL
2023-02-20 13:00:00,2023-02-20 16:00:00,buy,1794.15,1797.49,1787.47,1797.49,0.1,TP
2023-02-21 03:00:00,2023-02-21 04:00:00,buy,1810.64,1804.24,1804.24,1813.84,0.1,SL
2023-02-21 07:00:00,2023-02-21 08:00:00,sell,1812.78,1820.31,1820.31,1809.02,0.1,SL
2023-02-21 10:00:00,2023-02-21 11:00:00,sell,1821.36,1817.56,1828.97,1817.56,0.1,TP
2023-02-21 13:00:00,2023-02-21 15:00:00,sell,1805.14,1801.28,1812.87,1801.28,0.1,TP
2023-02-21 16:00:00,2023-02-21 17:00:00,buy,1800.72,1804.76,1792.65,1804.76,0.1,TP
2023-02-21 20:00:00,2023-02-21 22:00:00,sell,1812.23,1808.86,1818.98,1808.86,0.1,TP
2023-02-22 00:00:00,2023-02-22 03:00:00,sell,1801.47,1808.45,1808.45,1797.98,0.1,SL
2023-02-23 04:00:00,2023-02-23 06:00:00,buy,1783.05,1775.0,1775.0,1787.08,0.1,SL
2023-02-23 20:00:00,2023-02-23 21:00:00,sell,1755.98,1752.63,1762.68,1752.63,0.1,TP
2023-02-24 01:00:00,2023-02-24 02:00:00,buy,1748.06,1751.31,1741.56,1751.31,0.1,TP
2023-02-24 10:00:00,2023-02-24 13:00:00,sell,1722.41,1719.27,1728.7,1719.27,0.1,TP
2023-02-24 22:00:00,2023-02-24 23:00:00,sell,1748.81,1745.54,1755.34,1745.54,0.1,TP
2023-02-27 04:00:00,2023-02-27 05:00:00,buy,1734.61,1738.27,1727.29,1738.27,0.1,TP
2023-02-27 07:00:00,2023-02-27 09:00:00,buy,1738.42,1731.37,1731.37,1741.95,0.1,SL
2023-02-27 11:00:00,2023-02-27 13:00:00,buy,1729.56,1733.06,1722.57,1733.06,0.1,TP
2023-02-27 18:00:00,2023-02-27 19:00:00,buy,1725.5,1728.52,1719.45,1728.52,0.1,TP
2023-02-27 23:00:00,2023-02-28 00:00:00,buy,1718.73,1721.68,1712.83,1721.68,0.1,TP
2023-02-28 01:00:00,2023-02-28 03:00:00,buy,1722.57,1716.41,1716.41,1725.65,0.1,SL
2023-02-28 04:00:00,2023-02-28 05:00:00,buy,1718.61,1721.71,1712.42,1721.71,0.1,TP
2023-02-28 07:00:00,2023-02-28 08:00:00,buy,1734.28,1737.08,1728.69,1737.08,0.1,TP
2023-02-28 12:00:00,2023-02-28 13:00:00,sell,1735.78,1741.39,1741.39,1732.98,0.1,SL
2023-02-28 17:00:00,2023-02-28 18:00:00,buy,1747.34,1750.37,1741.28,1750.37,0.1,TP
2023-03-01 00:00:00,2023-03-01 01:00:00,sell,1742.73,1739.33,1749.53,1739.33,0.1,TP
2023-03-01 02:00:00,2023-03-01 07:00:00,buy,1729.21,1721.68,1721.68,1732.98,0.1,SL
2023-03-01 13:00:00,2023-03-01 14:00:00,sell,1713.35,1710.64,1718.77,1710.64,0.1,TP
2023-03-01 21:00:00,2023-03-02 02:00:00,buy,1755.2,1747.5,1747.5,1759.05,0.1,SL
2023-03-02 12:00:00,2023-03-02 13:00:00,buy,1727.99,1721.92,1721.92,1731.02,0.1,SL
2023-03-02 16:00:00,2023-03-02 17:00:00,sell,1715.42,1712.18,1721.9,1712.18,0.1,TP
2023-03-02 22:00:00,2023-03-02 23:00:00,buy,1719.55,1722.64,1713.37,1722.64,0.1,TP
2023-03-03 07:00:00,2023-03-03 08:00:00,sell,1723.33,1720.04,1729.92,1720.04,0.1,TP
2023-03-03 13:00:00,2023-03-03 14:00:00,buy,1739.12,1742.38,1732.61,1742.38,0.1,TP
2023-03-03 16:00:00,2023-03-03 17:00:00,buy,1750.75,1744.38,1744.38,1753.94,0.1,SL
2023-03-03 18:00:00,2023-03-03 21:00:00,sell,1735.37,1742.33,1742.33,1731.89,0.1,SL
2023-03-06 15:00:00,2023-03-06 17:00:00,sell,1737.45,1734.11,1744.14,1734.11,0.1,TP
2023-03-06 21:00:00,2023-03-06 22:00:00,buy,1719.23,1722.37,1712.96,1722.37,0.1,TP
2023-03-07 00:00:00,2023-03-07 02:00:00,sell,1720.74,1726.85,1726.85,1717.68,0.1,SL
2023-03-07 17:00:00,2023-03-07 19:00:00,buy,1724.41,1717.79,1717.79,1727.72,0.1,SL
2023-03-07 22:00:00,2023-03-08 01:00:00,buy,1719.98,1723.21,1713.51,1723.21,0.1,TP
2023-03-08 03:00:00,2023-03-08 04:00:00,buy,1711.13,1714.08,1705.22,1714.08,0.1,TP
2023-03-08 22:00:00,2023-03-08 23:00:00,buy,1701.58,1694.28,1694.28,1705.23,0.1,SL
2023-03-09 01:00:00,2023-03-09 02:00:00,buy,1686.07,1689.73,1678.76,1689.73,0.1,TP
2023-03-09 04:00:00,2023-03-09 08:00:00,buy,1683.11,1675.84,1675.84,1686.74,0.1,SL
2023-03-09 10:00:00,2023-03-09 11:00:00,buy,1655.16,1658.75,1647.98,1658.75,0.1,TP
2023-03-09 14:00:00,2023-03-09 15:00:00,sell,1665.6,1672.71,1672.71,1662.05,0.1,SL
2023-03-09 18:00:00,2023-03-09 19:00:00,sell,1668.68,1664.19,1677.66,1664.19,0.1,TP
2023-03-10 01:00:00,2023-03-10 03:00:00,sell,1656.68,1652.7,1664.64,1652.7,0.1,TP
2023-03-13 02:00:00,2023-03-13 03:00:00,sell,1625.26,1622.28,1631.22,1622.28,0.1,TP
2023-03-13 05:00:00,2023-03-13 09:00:00,buy,1608.2,1602.61,1602.61,1610.99,0.1,SL
2023-03-13 10:00:00,2023-03-13 12:00:00,sell,1593.18,1599.8,1599.8,1589.87,0.1,SL
2023-03-13 21:00:00,2023-03-13 22:00:00,buy,1599.62,1602.87,1593.11,1602.87,0.1,TP
2023-03-14 00:00:00,2023-03-14 01:00:00,sell,1598.92,1595.76,1605.24,1595.76,0.1,TP
2023-03-14 07:00:00,2023-03-14 08:00:00,buy,1571.56,1574.61,1565.46,1574.61,0.1,TP
2023-03-14 11:00:00,2023-03-14 12:00:00,sell,1573.84,1571.12,1579.28,1571.12,0.1,TP
2023-03-14 17:00:00,2023-03-14 19:00:00,sell,1570.77,1568.48,1575.34,1568.48,0.1,TP
2023-03-14 23:00:00,2023-03-15 00:00:00,sell,1570.67,1568.18,1575.64,1568.18,0.1,TP
2023-03-15 05:00:00,2023-03-15 06:00:00,sell,1565.25,1570.85,1570.85,1562.45,0.1,SL
2023-03-15 13:00:00,2023-03-15 14:00:00,buy,1590.21,1593.33,1583.97,1593.33,0.1,TP
2023-03-15 22:00:00,2023-03-15 23:00:00,buy,1582.72,1576.27,1576.27,1585.94,0.1,SL
2023-03-16 02:00:00,2023-03-16 04:00:00,buy,1573.57,1567.92,1567.92,1576.4,0.1,SL
2023-03-16 19:00:00,2023-03-16 20:00:00,sell,1603.47,1600.81,1608.8,1600.81,0.1,TP
2023-03-17 01:00:00,2023-03-17 04:00:00,sell,1593.84,1598.36,1598.36,1591.58,0.1,SL
2023-03-17 05:00:00,2023-03-17 06:00:00,sell,1596.16,1600.54,1600.54,1593.97,0.1,SL
2023-03-17 09:00:00,2023-03-17 10:00:00,sell,1605.51,1603.28,1609.97,1603.28,0.1,TP
2023-03-17 12:00:00,2023-03-17 13:00:00,buy,1608.13,1610.33,1603.73,1610.33,0.1,TP
2023-03-17 23:00:00,2023-03-20 00:00:00,sell,1625.08,1622.53,1630.18,1622.53,0.1,TP
2023-03-20 07:00:00,2023-03-20 08:00:00,buy,1607.19,1610.04,1601.48,1610.04,0.1,TP
2023-03-20 09:00:00,2023-03-20 10:00:00,sell,1606.22,1603.24,1612.19,1603.24,0.1,TP
2023-03-20 16:00:00,2023-03-20 18:00:00,buy,1617.53,1611.6,1611.6,1620.49,0.1,SL
2023-03-20 21:00:00,2023-03-21 04:00:00,sell,1583.93,1590.58,1590.58,1580.6,0.1,SL
2023-03-21 11:00:00,2023-03-21 13:00:00,sell,1596.97,1594.13,1602.66,1594.13,0.1,TP
2023-03-21 14:00:00,2023-03-21 15:00:00,buy,1588.8,1591.86,1582.68,1591.86,0.1,TP
2023-03-22 01:00:00,2023-03-22 03:00:00,sell,1598.44,1604.38,1604.38,1595.47,0.1,SL
2023-03-22 05:00:00,2023-03-22 06:00:00,sell,1604.04,1601.31,1609.51,1601.31,0.1,TP
2023-03-22 10:00:00,2023-03-22 11:00:00,buy,1606.91,1609.47,1601.78,1609.47,0.1,TP
2023-03-22 13:00:00,2023-03-22 14:00:00,sell,1599.39,1596.78,1604.61,1596.78,0.1,TP
2023-03-22 18:00:00,2023-03-22 20:00:00,buy,1593.89,1596.5,1588.67,1596.5,0.1,TP
2023-03-22 22:00:00,2023-03-23 00:00:00,sell,1604.81,1610.54,1610.54,1601.95,0.1,SL
2023-03-23 01:00:00,2023-03-23 02:00:00,sell,1613.3,1610.65,1618.61,1610.65,0.1,TP
2023-03-23 10:00:00,2023-03-23 11:00:00,sell,1597.46,1594.7,1602.98,1594.7,0.1,TP
2023-03-23 13:00:00,2023-03-23 14:00:00,sell,1596.06,1593.37,1601.44,1593.37,0.1,TP
2023-03-24 05:00:00,2023-03-24 08:00:00,buy,1596.96,1591.03,1591.03,1599.92,0.1,SL
2023-03-24 20:00:00,2023-03-24 21:00:00,sell,1571.46,1568.76,1576.87,1568.76,0.1,TP
2023-03-27 08:00:00,2023-03-27 10:00:00,sell,1576.63,1573.37,1583.15,1573.37,0.1,TP
2023-03-27 15:00:00,2023-03-27 16:00:00,sell,1566.34,1572.58,1572.58,1563.22,0.1,SL
2023-03-28 01:00:00,2023-03-28 03:00:00,sell,1563.62,1569.92,1569.92,1560.47,0.1,SL
2023-03-28 07:00:00,2023-03-28 08:00:00,sell,1557.54,1554.56,1563.49,1554.56,0.1,TP
2023-03-29 00:00:00,2023-03-29 02:00:00,buy,1543.54,1546.47,1537.68,1546.47,0.1,TP
2023-03-29 05:00:00,2023-03-29 06:00:00,sell,1550.37,1547.64,1555.84,1547.64,0.1,TP
2023-03-29 09:00:00,2023-03-29 10:00:00,sell,1547.59,1545.19,1552.38,1545.19,0.1,TP
2023-03-29 11:00:00,2023-03-29 12:00:00,sell,1546.51,1551.21,1551.21,1544.16,0.1,SL
2023-03-29 13:00:00,2023-03-29 17:00:00,buy,1562.77,1557.32,1557.32,1565.5,0.1,SL
2023-03-29 19:00:00,2023-03-29 20:00:00,buy,1548.68,1551.49,1543.06,1551.49,0.1,TP
2023-03-30 02:00:00,2023-03-30 03:00:00,sell,1553.35,1560.2,1560.2,1549.92,0.1,SL
2023-03-30 08:00:00,2023-03-30 09:00:00,buy,1573.73,1577.06,1567.07,1577.06,0.1,TP
2023-03-30 23:00:00,2023-03-31 02:00:00,sell,1556.86,1553.56,1563.46,1553.56,0.1,TP
2023-03-31 13:00:00,2023-03-31 17:00:00,buy,1531.11,1525.41,1525.41,1533.96,0.1,SL
2023-04-03 21:00:00,2023-04-03 23:00:00,buy,1539.26,1542.04,1533.69,1542.04,0.1,TP
2023-04-04 01:00:00,2023-04-04 02:00:00,sell,1527.62,1524.48,1533.9,1524.48,0.1,TP
2023-04-04 16:00:00,2023-04-04 19:00:00,sell,1566.88,1574.14,1574.14,1563.25,0.1,SL
2023-04-05 00:00:00,2023-04-05 02:00:00,buy,1601.7,1594.73,1594.73,1605.19,0.1,SL
2023-04-05 09:00:00,2023-04-05 10:00:00,sell,1591.52,1588.57,1597.42,1588.57,0.1,TP
2023-04-05 12:00:00,2023-04-05 13:00:00,sell,1597.61,1594.42,1604.0,1594.42,0.1,TP
2023-04-05 16:00:00,2023-04-05 17:00:00,sell,1599.23,1596.0,1605.69,1596.0,0.1,TP
2023-04-05 19:00:00,2023-04-05 21:00:00,sell,1588.09,1584.49,1595.3,1584.49,0.1,TP
2023-04-06 06:00:00,2023-04-06 08:00:00,buy,1565.88,1569.09,1559.46,1569.09,0.1,TP
2023-04-06 10:00:00,2023-04-06 12:00:00,buy,1565.41,1560.25,1560.25,1567.99,0.1,SL
2023-04-07 00:00:00,2023-04-07 01:00:00,buy,1553.15,1547.49,1547.49,1555.98,0.1,SL
2023-04-07 06:00:00,2023-04-07 07:00:00,buy,1536.98,1539.77,1531.41,1539.77,0.1,TP
2023-04-07 13:00:00,2023-04-07 14:00:00,buy,1544.47,1538.73,1538.73,1547.34,0.1,SL
2023-04-10 00:00:00,2023-04-10 01:00:00,buy,1553.2,1556.02,1547.56,1556.02,0.1,TP
2023-04-10 05:00:00,2023-04-10 06:00:00,buy,1558.03,1560.58,1552.92,1560.58,0.1,TP
2023-04-10 09:00:00,2023-04-10 14:00:00,buy,1583.22,1577.53,1577.53,1586.07,0.1,SL
2023-04-10 23:00:00,2023-04-11 01:00:00,buy,1571.15,1573.93,1565.58,1573.93,0.1,TP
2023-04-11 02:00:00,2023-04-11 04:00:00,buy,1579.29,1582.17,1573.52,1582.17,0.1,TP
2023-04-11 10:00:00,2023-04-11 13:00:00,buy,1586.36,1580.74,1580.74,1589.17,0.1,SL
2023-04-11 23:00:00,2023-04-12 01:00:00,sell,1584.03,1581.15,1589.78,1581.15,0.1,TP
2023-04-12 15:00:00,2023-04-12 17:00:00,buy,1586.11,1589.05,1580.24,1589.05,0.1,TP
2023-04-13 03:00:00,2023-04-13 04:00:00,sell,1594.11,1599.45,1599.45,1591.44,0.1,SL
2023-04-13 06:00:00,2023-04-13 07:00:00,buy,1591.12,1593.85,1585.66,1593.85,0.1,TP
2023-04-13 10:00:00,2023-04-13 12:00:00,buy,1591.85,1586.46,1586.46,1594.55,0.1,SL
2023-04-14 01:00:00,2023-04-14 02:00:00,buy,1624.71,1629.22,1615.68,1629.22,0.1,TP
2023-04-17 00:00:00,2023-04-17 01:00:00,buy,1637.45,1640.49,1631.37,1640.49,0.1,TP
2023-04-17 02:00:00,2023-04-17 03:00:00,sell,1645.18,1642.07,1651.39,1642.07,0.1,TP
2023-04-17 06:00:00,2023-04-17 08:00:00,sell,1634.66,1631.48,1641.02,1631.48,0.1,TP
2023-04-17 10:00:00,2023-04-17 11:00:00,buy,1637.62,1640.51,1631.84,1640.51,0.1,TP
2023-04-18 00:00:00,2023-04-18 04:00:00,sell,1626.1,1623.03,1632.24,1623.03,0.1,TP
2023-04-18 15:00:00,2023-04-18 18:00:00,buy,1665.35,1658.12,1658.12,1668.96,0.1,SL
2023-04-18 20:00:00,2023-04-18 22:00:00,sell,1646.58,1653.93,1653.93,1642.91,0.1,SL
2023-04-19 02:00:00,2023-04-19 03:00:00,sell,1665.77,1662.59,1672.13,1662.59,0.1,TP
2023-04-19 13:00:00,2023-04-19 14:00:00,buy,1645.23,1639.78,1639.78,1647.96,0.1,SL
2023-04-19 20:00:00,2023-04-19 22:00:00,buy,1641.62,1644.83,1635.2,1644.83,0.1,TP
2023-04-20 02:00:00,2023-04-20 03:00:00,buy,1644.23,1647.45,1637.79,1647.45,0.1,TP
2023-04-20 15:00:00,2023-04-20 16:00:00,sell,1598.14,1594.98,1604.46,1594.98,0.1,TP
2023-04-21 06:00:00,2023-04-21 07:00:00,buy,1632.25,1635.91,1624.93,1635.91,0.1,TP
2023-04-21 21:00:00,2023-04-21 22:00:00,buy,1622.7,1625.37,1617.37,1625.37,0.1,TP
2023-04-24 05:00:00,2023-04-24 06:00:00,sell,1594.79,1602.04,1602.04,1591.16,0.1,SL
2023-04-24 07:00:00,2023-04-24 08:00:00,buy,1607.4,1611.2,1599.79,1611.2,0.1,TP
2023-04-24 14:00:00,2023-04-24 16:00:00,buy,1632.77,1637.52,1623.27,1637.52,0.1,TP
2023-04-24 17:00:00,2023-04-24 20:00:00,sell,1640.54,1635.88,1649.86,1635.88,0.1,TP
2023-04-24 21:00:00,2023-04-24 23:00:00,buy,1637.14,1640.67,1630.07,1640.67,0.1,TP
2023-04-25 01:00:00,2023-04-25 02:00:00,buy,1640.4,1643.18,1634.84,1643.18,0.1,TP
2023-04-25 03:00:00,2023-04-25 05:00:00,sell,1646.79,1652.22,1652.22,1644.08,0.1,SL
2023-04-25 18:00:00,2023-04-25 20:00:00,sell,1642.97,1640.12,1648.68,1640.12,0.1,TP
2023-04-26 04:00:00,2023-04-26 05:00:00,buy,1620.59,1614.46,1614.46,1623.65,0.1,SL
2023-04-26 10:00:00,2023-04-26 11:00:00,buy,1616.52,1619.54,1610.48,1619.54,0.1,TP
2023-04-26 13:00:00,2023-04-26 14:00:00,sell,1612.77,1618.53,1618.53,1609.89,0.1,SL
2023-04-26 16:00:00,2023-04-26 18:00:00,sell,1637.05,1634.0,1643.16,1634.0,0.1,TP
2023-04-27 15:00:00,2023-04-27 23:00:00,sell,1655.53,1662.44,1662.44,1652.08,0.1,SL
2023-04-28 08:00:00,2023-04-28 10:00:00,buy,1682.64,1685.3,1677.32,1685.3,0.1,TP
2023-04-28 13:00:00,2023-04-28 16:00:00,sell,1688.45,1685.59,1694.17,1685.59,0.1,TP
2023-05-01 13:00:00,2023-05-01 14:00:00,sell,1694.79,1690.81,1702.74,1690.81,0.1,TP
2023-05-01 16:00:00,2023-05-01 19:00:00,sell,1679.16,1674.99,1687.5,1674.99,0.1,TP
2023-05-01 21:00:00,2023-05-01 22:00:00,sell,1657.59,1654.04,1664.7,1654.04,0.1,TP
2023-05-02 03:00:00,2023-05-02 04:00:00,sell,1660.61,1667.28,1667.28,1657.27,0.1,SL
2023-05-02 13:00:00,2023-05-02 14:00:00,buy,1681.7,1675.52,1675.52,1684.79,0.1,SL
2023-05-02 16:00:00,2023-05-02 18:00:00,sell,1689.25,1686.05,1695.65,1686.05,0.1,TP
2023-05-03 08:00:00,2023-05-03 11:00:00,sell,1698.19,1705.81,1705.81,1694.38,0.1,SL
2023-05-03 18:00:00,2023-05-03 20:00:00,sell,1730.07,1725.93,1738.35,1725.93,0.1,TP
2023-05-04 08:00:00,2023-05-04 09:00:00,sell,1742.09,1739.11,1748.05,1739.11,0.1,TP
2023-05-04 15:00:00,2023-05-04 17:00:00,buy,1713.5,1706.84,1706.84,1716.83,0.1,SL
2023-05-05 12:00:00,2023-05-05 14:00:00,buy,1744.3,1738.45,1738.45,1747.23,0.1,SL
2023-05-05 19:00:00,2023-05-05 23:00:00,sell,1742.81,1739.73,1748.98,1739.73,0.1,TP
2023-05-08 01:00:00,2023-05-08 02:00:00,buy,1729.86,1724.6,1724.6,1732.49,0.1,SL
2023-05-08 14:00:00,2023-05-08 17:00:00,buy,1694.37,1686.36,1686.36,1698.37,0.1,SL
2023-05-09 10:00:00,2023-05-09 11:00:00,buy,1689.35,1692.31,1683.43,1692.31,0.1,TP
2023-05-09 15:00:00,2023-05-09 16:00:00,buy,1679.51,1682.8,1672.93,1682.8,0.1,TP
2023-05-09 23:00:00,2023-05-10 00:00:00,buy,1691.23,1694.49,1684.71,1694.49,0.1,TP
2023-05-10 10:00:00,2023-05-10 12:00:00,buy,1689.58,1682.37,1682.37,1693.19,0.1,SL
2023-05-10 16:00:00,2023-05-10 17:00:00,sell,1676.07,1672.31,1683.59,1672.31,0.1,TP
2023-05-11 04:00:00,2023-05-11 07:00:00,buy,1690.39,1683.48,1683.48,1693.85,0.1,SL
2023-05-11 11:00:00,2023-05-11 12:00:00,buy,1686.88,1690.12,1680.39,1690.12,0.1,TP
2023-05-11 20:00:00,2023-05-12 04:00:00,sell,1714.69,1721.64,1721.64,1711.21,0.1,SL
2023-05-12 12:00:00,2023-05-12 13:00:00,sell,1709.44,1715.48,1715.48,1706.42,0.1,SL
2023-05-12 15:00:00,2023-05-12 16:00:00,buy,1713.59,1706.75,1706.75,1717.01,0.1,SL
2023-05-12 23:00:00,2023-05-15 00:00:00,sell,1714.66,1711.52,1720.94,1711.52,0.1,TP
2023-05-15 01:00:00,2023-05-15 02:00:00,buy,1691.49,1685.0,1685.0,1694.73,0.1,SL
2023-05-15 10:00:00,2023-05-15 11:00:00,buy,1706.05,1698.45,1698.45,1709.85,0.1,SL
2023-05-15 13:00:00,2023-05-15 16:00:00,buy,1697.19,1689.18,1689.18,1701.2,0.1,SL
2023-05-16 01:00:00,2023-05-16 03:00:00,sell,1674.0,1670.7,1680.61,1670.7,0.1,TP
2023-05-16 12:00:00,2023-05-16 14:00:00,buy,1681.33,1675.66,1675.66,1684.17,0.1,SL
2023-05-16 15:00:00,2023-05-16 16:00:00,sell,1666.23,1663.19,1672.32,1663.19,0.1,TP
2023-05-16 18:00:00,2023-05-16 21:00:00,sell,1668.34,1674.56,1674.56,1665.23,0.1,SL
2023-05-16 23:00:00,2023-05-17 00:00:00,sell,1675.52,1682.0,1682.0,1672.28,0.1,SL
2023-05-17 07:00:00,2023-05-17 09:00:00,buy,1687.24,1680.73,1680.73,1690.5,0.1,SL
2023-05-17 22:00:00,2023-05-17 23:00:00,buy,1684.2,1687.24,1678.12,1687.24,0.1,TP
2023-05-18 05:00:00,2023-05-18 06:00:00,buy,1682.41,1685.37,1676.49,1685.37,0.1,TP
2023-05-19 11:00:00,2023-05-19 12:00:00,sell,1653.54,1659.16,1659.16,1650.73,0.1,SL
2023-05-19 14:00:00,2023-05-19 16:00:00,buy,1661.16,1664.1,1655.27,1664.1,0.1,TP
2023-05-19 19:00:00,2023-05-19 20:00:00,sell,1676.3,1673.2,1682.5,1673.2,0.1,TP
2023-05-22 02:00:00,2023-05-22 04:00:00,buy,1664.34,1657.53,1657.53,1667.75,0.1,SL
2023-05-23 07:00:00,2023-05-23 08:00:00,buy,1676.43,1679.38,1670.52,1679.38,0.1,TP
2023-05-23 10:00:00,2023-05-23 11:00:00,buy,1670.27,1672.93,1664.95,1672.93,0.1,TP
2023-05-23 13:00:00,2023-05-23 15:00:00,buy,1693.02,1686.87,1686.87,1696.09,0.1,SL
2023-05-24 03:00:00,2023-05-24 04:00:00,sell,1697.77,1694.61,1704.09,1694.61,0.1,TP
2023-05-24 14:00:00,2023-05-24 15:00:00,buy,1668.33,1671.36,1662.27,1671.36,0.1,TP
2023-05-24 17:00:00,2023-05-24 18:00:00,sell,1677.57,1674.81,1683.09,1674.81,0.1,TP
2023-05-25 13:00:00,2023-05-25 17:00:00,sell,1709.37,1706.19,1715.72,1706.19,0.1,TP
2023-05-25 18:00:00,2023-05-25 19:00:00,buy,1699.79,1703.02,1693.32,1703.02,0.1,TP
2023-05-25 21:00:00,2023-05-26 01:00:00,buy,1694.91,1687.84,1687.84,1698.44,0.1,SL
2023-05-26 04:00:00,2023-05-26 06:00:00,buy,1686.9,1690.18,1680.34,1690.18,0.1,TP
2023-05-26 11:00:00,2023-05-26 12:00:00,sell,1699.55,1696.51,1705.62,1696.51,0.1,TP
2023-05-26 16:00:00,2023-05-26 17:00:00,buy,1686.62,1680.42,1680.42,1689.72,0.1,SL
2023-05-26 21:00:00,2023-05-26 22:00:00,sell,1669.63,1666.38,1676.12,1666.38,0.1,TP
2023-05-26 23:00:00,2023-05-29 00:00:00,sell,1664.92,1671.6,1671.6,1661.58,0.1,SL
2023-05-29 03:00:00,2023-05-29 07:00:00,buy,1673.36,1667.14,1667.14,1676.47,0.1,SL
2023-05-29 08:00:00,2023-05-29 11:00:00,sell,1666.36,1672.04,1672.04,1663.52,0.1,SL
2023-05-29 22:00:00,2023-05-30 02:00:00,sell,1679.06,1675.91,1685.36,1675.91,0.1,TP
2023-05-30 06:00:00,2023-05-30 08:00:00,buy,1663.58,1666.17,1658.41,1666.17,0.1,TP
2023-05-30 09:00:00,2023-05-30 10:00:00,sell,1669.2,1673.77,1673.77,1666.91,0.1,SL
2023-05-30 21:00:00,2023-05-30 23:00:00,buy,1669.0,1672.17,1662.66,1672.17,0.1,TP
2023-05-31 01:00:00,2023-05-31 03:00:00,sell,1661.69,1658.49,1668.09,1658.49,0.1,TP
2023-05-31 06:00:00,2023-05-31 07:00:00,sell,1643.17,1649.04,1649.04,1640.24,0.1,SL
2023-05-31 19:00:00,2023-05-31 20:00:00,buy,1668.54,1671.64,1662.35,1671.64,0.1,TP
2023-06-01 07:00:00,2023-06-01 08:00:00,buy,1653.98,1656.99,1647.96,1656.99,0.1,TP
2023-06-01 13:00:00,2023-06-01 14:00:00,buy,1649.52,1652.31,1643.94,1652.31,0.1,TP
2023-06-01 21:00:00,2023-06-01 22:00:00,buy,1630.41,1625.14,1625.14,1633.04,0.1,SL
2023-06-02 01:00:00,2023-06-02 03:00:00,sell,1632.53,1629.82,1637.94,1629.82,0.1,TP
2023-06-02 07:00:00,2023-06-02 08:00:00,buy,1634.16,1636.82,1628.84,1636.82,0.1,TP
2023-06-05 04:00:00,2023-06-05 08:00:00,sell,1618.93,1626.36,1626.36,1615.21,0.1,SL
2023-06-06 17:00:00,2023-06-06 18:00:00,sell,1609.03,1606.32,1614.45,1606.32,0.1,TP
2023-06-06 22:00:00,2023-06-06 23:00:00,buy,1608.93,1611.7,1603.39,1611.7,0.1,TP
2023-06-07 04:00:00,2023-06-07 07:00:00,sell,1610.18,1607.16,1616.23,1607.16,0.1,TP
2023-06-08 08:00:00,2023-06-08 10:00:00,sell,1601.88,1608.81,1608.81,1598.41,0.1,SL
2023-06-08 13:00:00,2023-06-08 15:00:00,sell,1624.74,1630.88,1630.88,1621.67,0.1,SL
2023-06-09 01:00:00,2023-06-09 03:00:00,sell,1643.36,1640.0,1650.07,1640.0,0.1,TP
2023-06-09 15:00:00,2023-06-09 17:00:00,buy,1629.71,1632.21,1624.7,1632.21,0.1,TP
2023-06-12 05:00:00,2023-06-12 07:00:00,sell,1658.79,1664.31,1664.31,1656.03,0.1,SL
2023-06-13 01:00:00,2023-06-13 02:00:00,buy,1667.11,1669.83,1661.67,1669.83,0.1,TP
2023-06-13 07:00:00,2023-06-13 08:00:00,sell,1663.29,1660.33,1669.21,1660.33,0.1,TP
2023-06-13 18:00:00,2023-06-13 20:00:00,buy,1655.82,1658.96,1649.54,1658.96,0.1,TP
2023-06-13 23:00:00,2023-06-14 00:00:00,buy,1648.59,1651.81,1642.16,1651.81,0.1,TP
2023-06-14 08:00:00,2023-06-14 10:00:00,sell,1646.61,1652.9,1652.9,1643.46,0.1,SL
2023-06-15 19:00:00,2023-06-15 20:00:00,buy,1691.23,1683.64,1683.64,1695.02,0.1,SL
2023-06-16 02:00:00,2023-06-16 04:00:00,buy,1687.81,1682.27,1682.27,1690.58,0.1,SL
2023-06-16 13:00:00,2023-06-16 14:00:00,buy,1691.8,1694.88,1685.64,1694.88,0.1,TP
2023-06-16 19:00:00,2023-06-16 21:00:00,sell,1696.14,1693.03,1702.36,1693.03,0.1,TP
2023-06-19 09:00:00,2023-06-19 12:00:00,buy,1674.51,1677.51,1668.51,1677.51,0.1,TP
2023-06-19 19:00:00,2023-06-19 21:00:00,buy,1696.0,1699.22,1689.56,1699.22,0.1,TP
2023-06-20 03:00:00,2023-06-20 04:00:00,buy,1699.34,1702.3,1693.42,1702.3,0.1,TP
2023-06-20 10:00:00,2023-06-20 12:00:00,buy,1711.15,1714.26,1704.93,1714.26,0.1,TP
2023-06-20 14:00:00,2023-06-20 15:00:00,sell,1713.81,1710.73,1719.97,1710.73,0.1,TP
2023-06-20 23:00:00,2023-06-21 00:00:00,buy,1689.24,1692.17,1683.38,1692.17,0.1,TP
2023-06-21 03:00:00,2023-06-21 06:00:00,sell,1692.17,1689.4,1697.71,1689.4,0.1,TP
2023-06-21 12:00:00,2023-06-21 13:00:00,sell,1659.75,1656.8,1665.66,1656.8,0.1,TP
2023-06-21 15:00:00,2023-06-21 19:00:00,sell,1648.4,1654.39,1654.39,1645.4,0.1,SL
2023-06-22 07:00:00,2023-06-22 10:00:00,sell,1661.63,1667.4,1667.4,1658.74,0.1,SL
2023-06-22 11:00:00,2023-06-22 12:00:00,buy,1674.36,1677.26,1668.56,1677.26,0.1,TP
2023-06-22 13:00:00,2023-06-22 14:00:00,buy,1676.37,1679.22,1670.67,1679.22,0.1,TP
2023-06-22 17:00:00,2023-06-22 18:00:00,buy,1676.21,1679.5,1669.63,1679.5,0.1,TP
2023-06-23 02:00:00,2023-06-23 03:00:00,buy,1691.83,1685.58,1685.58,1694.95,0.1,SL
2023-06-26 00:00:00,2023-06-26 02:00:00,buy,1656.65,1648.73,1648.73,1660.61,0.1,SL
2023-06-26 04:00:00,2023-06-26 06:00:00,sell,1656.89,1664.55,1664.55,1653.06,0.1,SL
2023-06-26 22:00:00,2023-06-27 00:00:00,buy,1652.91,1646.74,1646.74,1655.99,0.1,SL
2023-06-27 01:00:00,2023-06-27 02:00:00,sell,1649.68,1655.97,1655.97,1646.53,0.1,SL
2023-06-27 03:00:00,2023-06-27 06:00:00,sell,1665.49,1662.02,1672.44,1662.02,0.1,TP
2023-06-27 11:00:00,2023-06-27 12:00:00,sell,1661.24,1658.04,1667.64,1658.04,0.1,TP
2023-06-28 13:00:00,2023-06-28 19:00:00,sell,1663.43,1659.46,1671.36,1659.46,0.1,TP
2023-06-29 00:00:00,2023-06-29 01:00:00,buy,1637.1,1630.1,1630.1,1640.6,0.1,SL
2023-06-29 05:00:00,2023-06-29 07:00:00,buy,1638.91,1631.56,1631.56,1642.59,0.1,SL
2023-06-29 15:00:00,2023-06-29 17:00:00,buy,1638.54,1641.29,1633.04,1641.29,0.1,TP
2023-06-29 20:00:00,2023-06-29 21:00:00,sell,1650.81,1647.77,1656.88,1647.77,0.1,TP
2023-06-30 03:00:00,2023-06-30 05:00:00,sell,1644.99,1641.65,1651.67,1641.65,0.1,TP
2023-06-30 18:00:00,2023-06-30 19:00:00,sell,1655.22,1652.7,1660.26,1652.7,0.1,TP
2023-06-30 20:00:00,2023-06-30 21:00:00,buy,1647.99,1642.71,1642.71,1650.63,0.1,SL
2023-07-03 02:00:00,2023-07-03 03:00:00,sell,1647.37,1644.58,1652.96,1644.58,0.1,TP
2023-07-03 16:00:00,2023-07-03 17:00:00,buy,1629.59,1622.08,1622.08,1633.34,0.1,SL
2023-07-03 21:00:00,2023-07-03 22:00:00,buy,1636.99,1640.53,1629.91,1640.53,0.1,TP
2023-07-04 00:00:00,2023-07-04 01:00:00,buy,1634.43,1627.63,1627.63,1637.83,0.1,SL
2023-07-04 08:00:00,2023-07-04 09:00:00,buy,1616.62,1610.69,1610.69,1619.59,0.1,SL
2023-07-04 18:00:00,2023-07-04 20:00:00,buy,1575.2,1578.32,1568.96,1578.32,0.1,TP
2023-07-04 23:00:00,2023-07-05 00:00:00,buy,1592.75,1596.01,1586.23,1596.01,0.1,TP
2023-07-05 04:00:00,2023-07-05 07:00:00,sell,1604.27,1601.41,1610.0,1601.41,0.1,TP
2023-07-05 13:00:00,2023-07-05 15:00:00,buy,1599.15,1593.38,1593.38,1602.03,0.1,SL
2023-07-05 20:00:00,2023-07-05 22:00:00,buy,1597.96,1600.95,1591.97,1600.95,0.1,TP
2023-07-06 05:00:00,2023-07-06 06:00:00,sell,1626.26,1623.24,1632.31,1623.24,0.1,TP
2023-07-06 11:00:00,2023-07-06 13:00:00,buy,1621.94,1615.71,1615.71,1625.05,0.1,SL
2023-07-06 14:00:00,2023-07-06 16:00:00,buy,1622.69,1616.73,1616.73,1625.67,0.1,SL
2023-07-07 07:00:00,2023-07-07 08:00:00,buy,1631.9,1635.04,1625.62,1635.04,0.1,TP
2023-07-07 13:00:00,2023-07-07 14:00:00,sell,1643.44,1640.06,1650.2,1640.06,0.1,TP
2023-07-07 19:00:00,2023-07-07 22:00:00,buy,1655.7,1659.27,1648.56,1659.27,0.1,TP
2023-07-10 03:00:00,2023-07-10 04:00:00,sell,1656.09,1661.73,1661.73,1653.27,0.1,SL
2023-07-10 06:00:00,2023-07-10 07:00:00,sell,1670.24,1667.28,1676.16,1667.28,0.1,TP
2023-07-10 12:00:00,2023-07-10 13:00:00,sell,1670.27,1675.85,1675.85,1667.48,0.1,SL
2023-07-10 20:00:00,2023-07-10 22:00:00,sell,1670.43,1667.88,1675.53,1667.88,0.1,TP
2023-07-11 01:00:00,2023-07-11 03:00:00,sell,1662.97,1668.32,1668.32,1660.3,0.1,SL
2023-07-11 05:00:00,2023-07-11 06:00:00,buy,1683.27,1686.08,1677.65,1686.08,0.1,TP
2023-07-11 07:00:00,2023-07-11 09:00:00,sell,1686.09,1691.22,1691.22,1683.52,0.1,SL
2023-07-11 10:00:00,2023-07-11 11:00:00,sell,1688.6,1686.07,1693.66,1686.07,0.1,TP
2023-07-11 18:00:00,2023-07-11 19:00:00,buy,1689.97,1692.29,1685.32,1692.29,0.1,TP
2023-07-11 23:00:00,2023-07-12 00:00:00,sell,1697.48,1695.21,1702.02,1695.21,0.1,TP
2023-07-12 05:00:00,2023-07-12 06:00:00,sell,1695.85,1692.9,1701.75,1692.9,0.1,TP
2023-07-12 22:00:00,2023-07-13 00:00:00,sell,1727.04,1732.47,1732.47,1724.32,0.1,SL
2023-07-13 10:00:00,2023-07-13 12:00:00,sell,1709.84,1706.95,1715.62,1706.95,0.1,TP
2023-07-13 23:00:00,2023-07-14 01:00:00,buy,1722.94,1715.94,1715.94,1726.44,0.1,SL
2023-07-14 04:00:00,2023-07-14 06:00:00,buy,1718.05,1721.8,1710.55,1721.8,0.1,TP
2023-07-14 11:00:00,2023-07-14 13:00:00,buy,1727.26,1730.31,1721.16,1730.31,0.1,TP
2023-07-14 22:00:00,2023-07-14 23:00:00,buy,1733.86,1736.88,1727.82,1736.88,0.1,TP
2023-07-17 09:00:00,2023-07-17 10:00:00,sell,1780.13,1776.13,1788.13,1776.13,0.1,TP
2023-07-17 13:00:00,2023-07-17 14:00:00,sell,1784.55,1791.46,1791.46,1781.1,0.1,SL
2023-07-17 20:00:00,2023-07-17 22:00:00,sell,1803.85,1810.22,1810.22,1800.66,0.1,SL
2023-07-18 17:00:00,2023-07-18 23:00:00,buy,1779.26,1769.96,1769.96,1783.91,0.1,SL
2023-07-19 01:00:00,2023-07-19 03:00:00,buy,1777.45,1781.28,1769.8,1781.28,0.1,TP
2023-07-19 04:00:00,2023-07-19 05:00:00,sell,1793.65,1790.22,1800.52,1790.22,0.1,TP
2023-07-19 14:00:00,2023-07-19 17:00:00,sell,1823.52,1820.0,1830.56,1820.0,0.1,TP
2023-07-19 22:00:00,2023-07-19 23:00:00,sell,1799.48,1796.27,1805.9,1796.27,0.1,TP
2023-07-20 01:00:00,2023-07-20 02:00:00,buy,1797.8,1801.0,1791.4,1801.0,0.1,TP
2023-07-20 09:00:00,2023-07-20 11:00:00,buy,1815.79,1819.11,1809.15,1819.11,0.1,TP
2023-07-20 18:00:00,2023-07-20 20:00:00,buy,1818.7,1810.77,1810.77,1822.66,0.1,SL
2023-07-20 22:00:00,2023-07-20 23:00:00,buy,1815.73,1820.07,1807.05,1820.07,0.1,TP
2023-07-21 02:00:00,2023-07-21 03:00:00,sell,1822.56,1817.94,1831.8,1817.94,0.1,TP
2023-07-24 12:00:00,2023-07-24 13:00:00,buy,1834.3,1837.64,1827.63,1837.64,0.1,TP
2023-07-24 16:00:00,2023-07-24 18:00:00,buy,1827.91,1831.51,1820.7,1831.51,0.1,TP
2023-07-24 19:00:00,2023-07-24 22:00:00,buy,1818.22,1811.19,1811.19,1821.73,0.1,SL
2023-07-25 02:00:00,2023-07-25 03:00:00,sell,1821.23,1817.72,1828.25,1817.72,0.1,TP
2023-07-26 04:00:00,2023-07-26 05:00:00,sell,1772.73,1779.04,1779.04,1769.58,0.1,SL
2023-07-26 10:00:00,2023-07-26 12:00:00,sell,1774.75,1771.23,1781.8,1771.23,0.1,TP
2023-07-26 20:00:00,2023-07-26 21:00:00,buy,1758.46,1761.59,1752.2,1761.59,0.1,TP
2023-07-27 08:00:00,2023-07-27 10:00:00,sell,1800.0,1806.79,1806.79,1796.61,0.1,SL
2023-07-27 21:00:00,2023-07-27 22:00:00,buy,1811.49,1815.14,1804.19,1815.14,0.1,TP
2023-07-28 18:00:00,2023-07-28 20:00:00,buy,1820.97,1824.52,1813.87,1824.52,0.1,TP
2023-07-31 10:00:00,2023-07-31 11:00:00,sell,1832.82,1830.26,1837.93,1830.26,0.1,TP
2023-07-31 22:00:00,2023-08-01 00:00:00,buy,1801.53,1795.64,1795.64,1804.47,0.1,SL
2023-08-01 08:00:00,2023-08-01 10:00:00,buy,1804.63,1798.43,1798.43,1807.73,0.1,SL
2023-08-01 15:00:00,2023-08-01 18:00:00,buy,1788.43,1781.96,1781.96,1791.66,0.1,SL
2023-08-01 19:00:00,2023-08-01 21:00:00,buy,1776.58,1779.46,1770.82,1779.46,0.1,TP
2023-08-02 04:00:00,2023-08-02 05:00:00,sell,1816.13,1813.11,1822.16,1813.11,0.1,TP
2023-08-02 09:00:00,2023-08-02 11:00:00,sell,1823.78,1820.39,1830.57,1820.39,0.1,TP
2023-08-02 20:00:00,2023-08-02 21:00:00,buy,1821.48,1815.33,1815.33,1824.56,0.1,SL
2023-08-03 06:00:00,2023-08-03 07:00:00,sell,1837.96,1844.91,1844.91,1834.48,0.1,SL
2023-08-03 20:00:00,2023-08-03 21:00:00,sell,1847.33,1843.94,1854.1,1843.94,0.1,TP
2023-08-04 18:00:00,2023-08-04 19:00:00,buy,1879.68,1872.65,1872.65,1883.2,0.1,SL
2023-08-07 02:00:00,2023-08-07 03:00:00,buy,1883.34,1886.26,1877.5,1886.26,0.1,TP
2023-08-07 12:00:00,2023-08-07 14:00:00,sell,1926.36,1934.24,1934.24,1922.42,0.1,SL
2023-08-07 17:00:00,2023-08-07 18:00:00,sell,1942.39,1938.54,1950.09,1938.54,0.1,TP
2023-08-07 22:00:00,2023-08-08 01:00:00,sell,1944.41,1940.42,1952.38,1940.42,0.1,TP
2023-08-08 03:00:00,2023-08-08 05:00:00,buy,1938.88,1942.56,1931.53,1942.56,0.1,TP
2023-08-08 10:00:00,2023-08-08 13:00:00,sell,1947.53,1954.49,1954.49,1944.05,0.1,SL
2023-08-09 10:00:00,2023-08-09 11:00:00,sell,1986.61,1982.23,1995.36,1982.23,0.1,TP
2023-08-09 15:00:00,2023-08-09 18:00:00,buy,1986.47,1977.62,1977.62,1990.9,0.1,SL
2023-08-09 23:00:00,2023-08-10 00:00:00,sell,1982.72,1979.55,1989.07,1979.55,0.1,TP
2023-08-10 07:00:00,2023-08-10 09:00:00,buy,1976.94,1980.33,1970.15,1980.33,0.1,TP
2023-08-10 20:00:00,2023-08-10 21:00:00,sell,2020.78,2016.74,2028.86,2016.74,0.1,TP
2023-08-11 01:00:00,2023-08-11 06:00:00,sell,1999.64,1995.41,2008.09,1995.41,0.1,TP
2023-08-11 08:00:00,2023-08-11 09:00:00,sell,2000.34,1996.45,2008.13,1996.45,0.1,TP
2023-08-11 11:00:00,2023-08-11 14:00:00,sell,1994.91,1990.87,2003.0,1990.87,0.1,TP
2023-08-11 18:00:00,2023-08-11 20:00:00,buy,1980.8,1973.88,1973.88,1984.26,0.1,SL
2023-08-11 23:00:00,2023-08-14 00:00:00,sell,1973.94,1970.41,1981.0,1970.41,0.1,TP
2023-08-14 11:00:00,2023-08-14 13:00:00,sell,1977.99,1974.82,1984.33,1974.82,0.1,TP
2023-08-14 16:00:00,2023-08-14 18:00:00,sell,1981.03,1977.74,1987.6,1977.74,0.1,TP
2023-08-14 19:00:00,2023-08-14 21:00:00,sell,1975.37,1972.43,1981.25,1972.43,0.1,TP
2023-08-15 02:00:00,2023-08-15 04:00:00,sell,1988.81,1985.31,1995.81,1985.31,0.1,TP
2023-08-15 12:00:00,2023-08-15 14:00:00,sell,1983.0,1979.17,1990.66,1979.17,0.1,TP
2023-08-15 17:00:00,2023-08-15 21:00:00,sell,1973.8,1982.17,1982.17,1969.61,0.1,SL
2023-08-15 22:00:00,2023-08-16 00:00:00,buy,1990.5,1982.66,1982.66,1994.42,0.1,SL
2023-08-16 01:00:00,2023-08-16 02:00:00,buy,1962.28,1954.12,1954.12,1966.36,0.1,SL
2023-08-16 13:00:00,2023-08-16 14:00:00,buy,1937.24,1940.64,1930.44,1940.64,0.1,TP
2023-08-17 06:00:00,2023-08-17 09:00:00,sell,1921.7,1928.31,1928.31,1918.4,0.1,SL
2023-08-17 20:00:00,2023-08-17 21:00:00,buy,1876.01,1880.36,1867.31,1880.36,0.1,TP
2023-08-17 22:00:00,2023-08-18 02:00:00,sell,1870.88,1866.1,1880.44,1866.1,0.1,TP
2023-08-18 06:00:00,2023-08-18 09:00:00,buy,1867.87,1859.19,1859.19,1872.21,0.1,SL
2023-08-18 12:00:00,2023-08-18 13:00:00,sell,1842.62,1838.98,1849.91,1838.98,0.1,TP
2023-08-18 15:00:00,2023-08-18 16:00:00,buy,1822.51,1826.83,1813.87,1826.83,0.1,TP
2023-08-21 21:00:00,2023-08-21 22:00:00,sell,1849.69,1846.13,1856.81,1846.13,0.1,TP
2023-08-22 14:00:00,2023-08-22 15:00:00,sell,1900.45,1907.6,1907.6,1896.88,0.1,SL
2023-08-22 17:00:00,2023-08-22 19:00:00,sell,1910.91,1918.3,1918.3,1907.22,0.1,SL
2023-08-22 23:00:00,2023-08-23 02:00:00,sell,1895.0,1902.42,1902.42,1891.29,0.1,SL
2023-08-23 05:00:00,2023-08-23 06:00:00,buy,1904.55,1896.82,1896.82,1908.42,0.1,SL
2023-08-23 07:00:00,2023-08-23 08:00:00,buy,1893.01,1885.41,1885.41,1896.81,0.1,SL
2023-08-23 14:00:00,2023-08-23 19:00:00,sell,1899.23,1907.17,1907.17,1895.26,0.1,SL
2023-08-24 16:00:00,2023-08-24 17:00:00,sell,1925.88,1922.94,1931.76,1922.94,0.1,TP
2023-08-25 00:00:00,2023-08-25 01:00:00,sell,1939.39,1935.49,1947.19,1935.49,0.1,TP
2023-08-25 03:00:00,2023-08-25 04:00:00,sell,1935.03,1943.64,1943.64,1930.72,0.1,SL
2023-08-25 07:00:00,2023-08-25 09:00:00,buy,1937.11,1941.22,1928.89,1941.22,0.1,TP
2023-08-25 16:00:00,2023-08-25 18:00:00,buy,1954.84,1946.28,1946.28,1959.12,0.1,SL
2023-08-28 01:00:00,2023-08-28 06:00:00,buy,1941.47,1945.15,1934.11,1945.15,0.1,TP
2023-08-28 08:00:00,2023-08-28 10:00:00,buy,1943.57,1946.28,1938.15,1946.28,0.1,TP
2023-08-28 18:00:00,2023-08-28 22:00:00,sell,1977.45,1985.12,1985.12,1973.62,0.1,SL
2023-08-29 01:00:00,2023-08-29 03:00:00,buy,1996.64,1988.87,1988.87,2000.53,0.1,SL
2023-08-29 04:00:00,2023-08-29 07:00:00,sell,1993.88,1990.39,2000.85,1990.39,0.1,TP
2023-08-29 11:00:00,2023-08-29 12:00:00,buy,1990.82,1994.04,1984.38,1994.04,0.1,TP
2023-08-29 16:00:00,2023-08-29 20:00:00,sell,2009.19,2016.04,2016.04,2005.77,0.1,SL
2023-08-30 13:00:00,2023-08-30 14:00:00,sell,2026.47,2023.25,2032.9,2023.25,0.1,TP
2023-08-31 19:00:00,2023-08-31 20:00:00,buy,2048.83,2052.52,2041.44,2052.52,0.1,TP
2023-09-01 00:00:00,2023-09-01 01:00:00,buy,2033.08,2038.02,2023.2,2038.02,0.1,TP
2023-09-01 16:00:00,2023-09-01 17:00:00,sell,2041.29,2047.85,2047.85,2038.01,0.1,SL
2023-09-01 19:00:00,2023-09-01 21:00:00,buy,2054.53,2057.96,2047.67,2057.96,0.1,TP
2023-09-05 02:00:00,2023-09-05 04:00:00,sell,2074.78,2071.02,2082.3,2071.02,0.1,TP
2023-09-05 09:00:00,2023-09-05 11:00:00,buy,2057.25,2061.02,2049.71,2061.02,0.1,TP
2023-09-05 14:00:00,2023-09-05 16:00:00,sell,2070.55,2066.54,2078.58,2066.54,0.1,TP
2023-09-05 17:00:00,2023-09-05 18:00:00,sell,2055.82,2051.7,2064.05,2051.7,0.1,TP
2023-09-05 19:00:00,2023-09-05 20:00:00,sell,2050.19,2045.84,2058.9,2045.84,0.1,TP
2023-09-06 00:00:00,2023-09-06 04:00:00,buy,2033.92,2038.36,2025.05,2038.36,0.1,TP
2023-09-06 16:00:00,2023-09-06 18:00:00,buy,2076.35,2080.68,2067.7,2080.68,0.1,TP
2023-09-06 19:00:00,2023-09-06 21:00:00,sell,2088.69,2097.65,2097.65,2084.21,0.1,SL
2023-09-06 22:00:00,2023-09-07 02:00:00,sell,2098.63,2106.74,2106.74,2094.57,0.1,SL
2023-09-07 03:00:00,2023-09-07 05:00:00,sell,2111.37,2107.49,2119.14,2107.49,0.1,TP
2023-09-07 06:00:00,2023-09-07 07:00:00,sell,2112.95,2109.45,2119.95,2109.45,0.1,TP
2023-09-07 14:00:00,2023-09-07 15:00:00,sell,2111.19,2107.92,2117.73,2107.92,0.1,TP
2023-09-07 16:00:00,2023-09-07 17:00:00,buy,2099.44,2102.62,2093.07,2102.62,0.1,TP
2023-09-07 18:00:00,2023-09-07 20:00:00,sell,2095.04,2101.79,2101.79,2091.67,0.1,SL
2023-09-08 09:00:00,2023-09-08 11:00:00,buy,2101.14,2093.09,2093.09,2105.16,0.1,SL
2023-09-08 14:00:00,2023-09-08 16:00:00,buy,2094.89,2087.61,2087.61,2098.53,0.1,SL
2023-09-08 17:00:00,2023-09-08 18:00:00,sell,2083.09,2079.35,2090.57,2079.35,0.1,TP
2023-09-08 19:00:00,2023-09-08 20:00:00,sell,2085.55,2093.23,2093.23,2081.71,0.1,SL
2023-09-08 22:00:00,2023-09-11 03:00:00,sell,2090.49,2086.6,2098.26,2086.6,0.1,TP
2023-09-11 09:00:00,2023-09-11 10:00:00,buy,2072.77,2076.72,2064.87,2076.72,0.1,TP
2023-09-11 20:00:00,2023-09-11 21:00:00,buy,2097.77,2102.41,2088.48,2102.41,0.1,TP
2023-09-12 00:00:00,2023-09-12 01:00:00,sell,2098.54,2107.03,2107.03,2094.3,0.1,SL
2023-09-12 10:00:00,2023-09-12 15:00:00,buy,2124.48,2128.06,2117.32,2128.06,0.1,TP
2023-09-12 17:00:00,2023-09-12 18:00:00,sell,2141.43,2137.62,2149.04,2137.62,0.1,TP
2023-09-13 05:00:00,2023-09-13 09:00:00,sell,2145.64,2153.16,2153.16,2141.88,0.1,SL
2023-09-13 11:00:00,2023-09-13 13:00:00,sell,2173.05,2180.61,2180.61,2169.27,0.1,SL
2023-09-13 19:00:00,2023-09-13 20:00:00,buy,2182.03,2185.17,2175.75,2185.17,0.1,TP
2023-09-15 05:00:00,2023-09-15 09:00:00,sell,2139.69,2135.31,2148.45,2135.31,0.1,TP
2023-09-15 16:00:00,2023-09-18 00:00:00,buy,2101.12,2091.87,2091.87,2105.75,0.1,SL
2023-09-18 12:00:00,2023-09-18 13:00:00,buy,2091.83,2095.84,2083.8,2095.84,0.1,TP
2023-09-18 14:00:00,2023-09-18 17:00:00,sell,2093.72,2089.83,2101.51,2089.83,0.1,TP
2023-09-18 19:00:00,2023-09-18 21:00:00,sell,2073.84,2069.61,2082.3,2069.61,0.1,TP
2023-09-19 00:00:00,2023-09-19 03:00:00,buy,2078.54,2082.12,2071.37,2082.12,0.1,TP
2023-09-19 11:00:00,2023-09-19 12:00:00,buy,2104.48,2095.99,2095.99,2108.72,0.1,SL
2023-09-19 14:00:00,2023-09-19 17:00:00,buy,2093.08,2097.56,2084.12,2097.56,0.1,TP
2023-09-19 22:00:00,2023-09-19 23:00:00,buy,2098.21,2101.73,2091.16,2101.73,0.1,TP
2023-09-20 06:00:00,2023-09-20 07:00:00,sell,2095.76,2091.8,2103.68,2091.8,0.1,TP
2023-09-20 18:00:00,2023-09-20 20:00:00,sell,2092.31,2088.52,2099.9,2088.52,0.1,TP
2023-09-21 01:00:00,2023-09-21 03:00:00,buy,2091.59,2095.7,2083.38,2095.7,0.1,TP
2023-09-21 06:00:00,2023-09-21 09:00:00,sell,2072.13,2080.69,2080.69,2067.85,0.1,SL
2023-09-21 11:00:00,2023-09-21 12:00:00,buy,2080.56,2084.52,2072.65,2084.52,0.1,TP
2023-09-21 13:00:00,2023-09-21 14:00:00,buy,2080.6,2073.51,2073.51,2084.14,0.1,SL
2023-09-21 18:00:00,2023-09-21 19:00:00,sell,2078.37,2075.06,2084.98,2075.06,0.1,TP
2023-09-22 01:00:00,2023-09-22 02:00:00,sell,2059.05,2055.56,2066.03,2055.56,0.1,TP
2023-09-22 03:00:00,2023-09-22 04:00:00,buy,2060.04,2063.75,2052.62,2063.75,0.1,TP
2023-09-22 11:00:00,2023-09-22 13:00:00,buy,2073.86,2077.69,2066.19,2077.69,0.1,TP
2023-09-22 22:00:00,2023-09-25 02:00:00,sell,2077.7,2073.93,2085.23,2073.93,0.1,TP
2023-09-25 04:00:00,2023-09-25 08:00:00,sell,2073.59,2069.81,2081.14,2069.81,0.1,TP
2023-09-25 19:00:00,2023-09-25 20:00:00,buy,2055.33,2049.08,2049.08,2058.46,0.1,SL
2023-09-25 22:00:00,2023-09-25 23:00:00,sell,2052.26,2059.3,2059.3,2048.74,0.1,SL
2023-09-26 06:00:00,2023-09-26 09:00:00,buy,2053.19,2044.95,2044.95,2057.31,0.1,SL
2023-09-26 15:00:00,2023-09-26 16:00:00,buy,2036.07,2028.62,2028.62,2039.8,0.1,SL
2023-09-26 19:00:00,2023-09-26 20:00:00,sell,2043.92,2040.22,2051.31,2040.22,0.1,TP
2023-09-27 08:00:00,2023-09-27 09:00:00,buy,2033.82,2036.75,2027.96,2036.75,0.1,TP
2023-09-27 13:00:00,2023-09-27 14:00:00,buy,2004.43,2008.12,1997.06,2008.12,0.1,TP
2023-09-28 01:00:00,2023-09-28 03:00:00,buy,1975.6,1979.63,1967.55,1979.63,0.1,TP
2023-09-28 13:00:00,2023-09-28 17:00:00,buy,2018.31,2022.19,2010.55,2022.19,0.1,TP
2023-09-28 20:00:00,2023-09-29 00:00:00,sell,2039.89,2035.44,2048.78,2035.44,0.1,TP
2023-09-29 09:00:00,2023-09-29 12:00:00,sell,2064.97,2060.51,2073.89,2060.51,0.1,TP
2023-09-29 13:00:00,2023-09-29 17:00:00,buy,2046.91,2051.04,2038.64,2051.04,0.1,TP
2023-10-02 00:00:00,2023-10-02 01:00:00,sell,2047.16,2043.44,2054.59,2043.44,0.1,TP
2023-10-02 03:00:00,2023-10-02 05:00:00,sell,2046.04,2042.72,2052.69,2042.72,0.1,TP
2023-10-02 06:00:00,2023-10-02 07:00:00,sell,2031.11,2027.51,2038.3,2027.51,0.1,TP
2023-10-02 11:00:00,2023-10-02 14:00:00,buy,2039.25,2031.29,2031.29,2043.23,0.1,SL
2023-10-02 17:00:00,2023-10-02 18:00:00,buy,2015.23,2006.86,2006.86,2019.41,0.1,SL
2023-10-02 20:00:00,2023-10-02 21:00:00,buy,1998.6,2002.84,1990.11,2002.84,0.1,TP
2023-10-02 23:00:00,2023-10-03 00:00:00,sell,1988.74,1984.47,1997.27,1984.47,0.1,TP
2023-10-03 08:00:00,2023-10-03 10:00:00,buy,1966.8,1971.08,1958.23,1971.08,0.1,TP
2023-10-03 12:00:00,2023-10-03 16:00:00,sell,1965.56,1961.46,1973.77,1961.46,0.1,TP
2023-10-04 08:00:00,2023-10-04 09:00:00,buy,1920.81,1924.4,1913.64,1924.4,0.1,TP
2023-10-04 17:00:00,2023-10-04 18:00:00,sell,1918.58,1926.08,1926.08,1914.83,0.1,SL
2023-10-04 21:00:00,2023-10-05 00:00:00,sell,1933.09,1929.21,1940.85,1929.21,0.1,TP
2023-10-05 10:00:00,2023-10-05 12:00:00,buy,1957.99,1961.29,1951.4,1961.29,0.1,TP
2023-10-05 23:00:00,2023-10-06 00:00:00,sell,1958.61,1955.43,1964.97,1955.43,0.1,TP
2023-10-06 07:00:00,2023-10-06 08:00:00,sell,1968.63,1975.57,1975.57,1965.16,0.1,SL
2023-10-06 14:00:00,2023-10-06 16:00:00,buy,1991.33,1995.49,1983.0,1995.49,0.1,TP
2023-10-06 17:00:00,2023-10-06 19:00:00,sell,2004.41,2000.64,2011.96,2000.64,0.1,TP
2023-10-09 01:00:00,2023-10-09 02:00:00,buy,2010.1,2014.08,2002.13,2014.08,0.1,TP
2023-10-09 08:00:00,2023-10-09 10:00:00,buy,2034.74,2038.47,2027.28,2038.47,0.1,TP
2023-10-09 15:00:00,2023-10-09 17:00:00,buy,2029.46,2033.08,2022.22,2033.08,0.1,TP
2023-10-09 19:00:00,2023-10-09 20:00:00,sell,2038.38,2046.25,2046.25,2034.45,0.1,SL
2023-10-10 00:00:00,2023-10-10 01:00:00,buy,2042.49,2045.97,2035.53,2045.97,0.1,TP
2023-10-10 04:00:00,2023-10-10 05:00:00,sell,2040.25,2036.87,2047.02,2036.87,0.1,TP
2023-10-10 12:00:00,2023-10-10 13:00:00,buy,2034.43,2027.21,2027.21,2038.04,0.1,SL
2023-10-10 16:00:00,2023-10-10 17:00:00,buy,2007.28,2011.58,1998.67,2011.58,0.1,TP
2023-10-11 05:00:00,2023-10-11 06:00:00,buy,2037.85,2041.49,2030.57,2041.49,0.1,TP
2023-10-11 07:00:00,2023-10-11 09:00:00,sell,2047.23,2043.78,2054.12,2043.78,0.1,TP
2023-10-11 10:00:00,2023-10-11 15:00:00,buy,2043.07,2036.53,2036.53,2046.34,0.1,SL
2023-10-11 20:00:00,2023-10-11 23:00:00,sell,2042.5,2039.2,2049.1,2039.2,0.1,TP
2023-10-12 02:00:00,2023-10-12 03:00:00,buy,2051.71,2045.02,2045.02,2055.05,0.1,SL
2023-10-12 09:00:00,2023-10-12 10:00:00,buy,2001.93,2006.82,1992.15,2006.82,0.1,TP
2023-10-12 20:00:00,2023-10-12 21:00:00,buy,2066.04,2071.27,2055.58,2071.27,0.1,TP
2023-10-13 00:00:00,2023-10-13 03:00:00,buy,2070.16,2061.44,2061.44,2074.52,0.1,SL
2023-10-13 04:00:00,2023-10-13 08:00:00,buy,2068.53,2072.64,2060.3,2072.64,0.1,TP
2023-10-13 10:00:00,2023-10-13 12:00:00,sell,2063.34,2070.79,2070.79,2059.61,0.1,SL
2023-10-13 17:00:00,2023-10-13 18:00:00,sell,2080.33,2076.09,2088.81,2076.09,0.1,TP
2023-10-13 22:00:00,2023-10-16 01:00:00,sell,2058.19,2067.47,2067.47,2053.55,0.1,SL
2023-10-16 15:00:00,2023-10-16 17:00:00,sell,2054.0,2062.8,2062.8,2049.6,0.1,SL
2023-10-16 22:00:00,2023-10-17 03:00:00,buy,2061.06,2052.63,2052.63,2065.28,0.1,SL
2023-10-17 11:00:00,2023-10-17 13:00:00,buy,2059.13,2051.87,2051.87,2062.76,0.1,SL
2023-10-17 15:00:00,2023-10-17 16:00:00,buy,2047.05,2050.56,2040.02,2050.56,0.1,TP
2023-10-18 02:00:00,2023-10-18 03:00:00,buy,2089.73,2082.88,2082.88,2093.15,0.1,SL
2023-10-18 05:00:00,2023-10-18 06:00:00,sell,2090.32,2086.58,2097.79,2086.58,0.1,TP
2023-10-18 13:00:00,2023-10-18 15:00:00,buy,2087.94,2091.89,2080.03,2091.89,0.1,TP
2023-10-18 17:00:00,2023-10-18 22:00:00,sell,2082.78,2079.2,2089.94,2079.2,0.1,TP
2023-10-19 07:00:00,2023-10-19 09:00:00,buy,2092.18,2086.71,2086.71,2094.91,0.1,SL
2023-10-19 11:00:00,2023-10-19 12:00:00,sell,2084.99,2091.81,2091.81,2081.58,0.1,SL
2023-10-19 15:00:00,2023-10-19 16:00:00,sell,2104.33,2100.74,2111.52,2100.74,0.1,TP
2023-10-19 18:00:00,2023-10-19 21:00:00,sell,2102.9,2098.91,2110.89,2098.91,0.1,TP
2023-10-23 01:00:00,2023-10-23 02:00:00,buy,2110.39,2114.22,2102.72,2114.22,0.1,TP
2023-10-23 16:00:00,2023-10-23 19:00:00,sell,2105.79,2113.11,2113.11,2102.13,0.1,SL
2023-10-24 18:00:00,2023-10-24 19:00:00,buy,2104.02,2097.08,2097.08,2107.49,0.1,SL
2023-10-25 19:00:00,2023-10-25 21:00:00,sell,2076.74,2085.61,2085.61,2072.3,0.1,SL
2023-10-26 01:00:00,2023-10-26 02:00:00,sell,2097.59,2093.36,2106.04,2093.36,0.1,TP
2023-10-26 07:00:00,2023-10-26 12:00:00,sell,2109.25,2117.12,2117.12,2105.31,0.1,SL
2023-10-26 13:00:00,2023-10-26 15:00:00,buy,2117.63,2120.74,2111.42,2120.74,0.1,TP
2023-10-27 07:00:00,2023-10-27 08:00:00,sell,2116.84,2125.24,2125.24,2112.64,0.1,SL
2023-10-27 11:00:00,2023-10-27 12:00:00,buy,2135.94,2140.06,2127.7,2140.06,0.1,TP
2023-10-27 16:00:00,2023-10-27 18:00:00,buy,2157.04,2149.44,2149.44,2160.84,0.1,SL
2023-10-27 20:00:00,2023-10-27 23:00:00,buy,2165.79,2169.89,2157.59,2169.89,0.1,TP
2023-10-30 04:00:00,2023-10-30 05:00:00,buy,2183.0,2186.6,2175.8,2186.6,0.1,TP
2023-10-30 12:00:00,2023-10-30 15:00:00,buy,2164.62,2168.83,2156.19,2168.83,0.1,TP
2023-10-30 16:00:00,2023-10-30 17:00:00,sell,2176.64,2172.46,2185.0,2172.46,0.1,TP
2023-10-30 20:00:00,2023-10-30 22:00:00,buy,2162.55,2166.55,2154.54,2166.55,0.1,TP
2023-10-31 07:00:00,2023-10-31 10:00:00,buy,2141.34,2132.97,2132.97,2145.52,0.1,SL
2023-10-31 23:00:00,2023-11-01 00:00:00,sell,2171.14,2178.99,2178.99,2167.21,0.1,SL
2023-11-01 03:00:00,2023-11-01 07:00:00,sell,2202.58,2209.77,2209.77,2198.98,0.1,SL
2023-11-01 09:00:00,2023-11-01 10:00:00,sell,2188.07,2196.15,2196.15,2184.03,0.1,SL
2023-11-01 23:00:00,2023-11-02 02:00:00,buy,2198.22,2190.61,2190.61,2202.02,0.1,SL
2023-11-02 12:00:00,2023-11-02 13:00:00,buy,2188.87,2192.12,2182.38,2192.12,0.1,TP
2023-11-02 14:00:00,2023-11-02 15:00:00,buy,2176.52,2169.31,2169.31,2180.12,0.1,SL
2023-11-02 17:00:00,2023-11-02 18:00:00,sell,2161.25,2156.86,2170.04,2156.86,0.1,TP
2023-11-02 20:00:00,2023-11-02 21:00:00,sell,2140.57,2135.69,2150.33,2135.69,0.1,TP
2023-11-02 22:00:00,2023-11-02 23:00:00,buy,2136.72,2141.7,2126.77,2141.7,0.1,TP
2023-11-03 14:00:00,2023-11-03 15:00:00,buy,2204.52,2209.47,2194.63,2209.47,0.1,TP
2023-11-03 16:00:00,2023-11-03 17:00:00,sell,2202.82,2197.67,2213.13,2197.67,0.1,TP
2023-11-03 23:00:00,2023-11-06 01:00:00,buy,2226.6,2232.69,2214.41,2232.69,0.1,TP
2023-11-07 13:00:00,2023-11-07 18:00:00,sell,2234.44,2229.89,2243.54,2229.89,0.1,TP
2023-11-08 20:00:00,2023-11-08 21:00:00,buy,2231.62,2225.38,2225.38,2234.74,0.1,SL
2023-11-08 22:00:00,2023-11-09 01:00:00,sell,2226.01,2231.73,2231.73,2223.15,0.1,SL
2023-11-09 04:00:00,2023-11-09 05:00:00,buy,2236.43,2229.49,2229.49,2239.9,0.1,SL
2023-11-10 01:00:00,2023-11-10 04:00:00,sell,2262.28,2270.68,2270.68,2258.08,0.1,SL
2023-11-10 17:00:00,2023-11-10 18:00:00,buy,2257.29,2262.13,2247.62,2262.13,0.1,TP
2023-11-10 22:00:00,2023-11-10 23:00:00,buy,2244.27,2248.48,2235.85,2248.48,0.1,TP
2023-11-13 03:00:00,2023-11-13 04:00:00,buy,2239.09,2242.77,2231.73,2242.77,0.1,TP
2023-11-13 23:00:00,2023-11-14 00:00:00,sell,2269.91,2278.16,2278.16,2265.79,0.1,SL
2023-11-14 09:00:00,2023-11-14 11:00:00,sell,2302.62,2312.21,2312.21,2297.83,0.1,SL
2023-11-14 13:00:00,2023-11-14 14:00:00,buy,2325.3,2330.33,2315.23,2330.33,0.1,TP
2023-11-14 17:00:00,2023-11-14 18:00:00,buy,2327.03,2332.21,2316.66,2332.21,0.1,TP
2023-11-14 22:00:00,2023-11-15 02:00:00,buy,2327.91,2331.88,2319.97,2331.88,0.1,TP
2023-11-15 06:00:00,2023-11-15 07:00:00,buy,2367.54,2372.11,2358.39,2372.11,0.1,TP
2023-11-16 15:00:00,2023-11-16 16:00:00,buy,2362.1,2367.16,2351.99,2367.16,0.1,TP
2023-11-17 01:00:00,2023-11-17 02:00:00,sell,2379.74,2387.96,2387.96,2375.63,0.1,SL
2023-11-17 04:00:00,2023-11-17 06:00:00,sell,2398.46,2407.91,2407.91,2393.73,0.1,SL
2023-11-17 07:00:00,2023-11-17 10:00:00,buy,2410.26,2400.62,2400.62,2415.08,0.1,SL
2023-11-20 01:00:00,2023-11-20 02:00:00,buy,2421.82,2412.97,2412.97,2426.25,0.1,SL
2023-11-20 03:00:00,2023-11-20 04:00:00,sell,2411.31,2407.07,2419.8,2407.07,0.1,TP
2023-11-20 08:00:00,2023-11-20 11:00:00,buy,2405.88,2397.94,2397.94,2409.85,0.1,SL
2023-11-20 20:00:00,2023-11-20 21:00:00,sell,2410.32,2419.36,2419.36,2405.8,0.1,SL
2023-11-21 03:00:00,2023-11-21 04:00:00,sell,2417.22,2412.58,2426.5,2412.58,0.1,TP
2023-11-21 08:00:00,2023-11-21 10:00:00,sell,2388.2,2383.39,2397.82,2383.39,0.1,TP
2023-11-21 19:00:00,2023-11-21 20:00:00,buy,2367.34,2371.82,2358.38,2371.82,0.1,TP
2023-11-22 03:00:00,2023-11-22 04:00:00,buy,2399.21,2403.26,2391.11,2403.26,0.1,TP
2023-11-22 07:00:00,2023-11-22 08:00:00,sell,2414.56,2410.11,2423.46,2410.11,0.1,TP
2023-11-22 09:00:00,2023-11-22 11:00:00,sell,2399.1,2394.25,2408.8,2394.25,0.1,TP
2023-11-22 13:00:00,2023-11-22 14:00:00,sell,2415.89,2411.33,2425.02,2411.33,0.1,TP
2023-11-22 18:00:00,2023-11-22 19:00:00,sell,2378.81,2373.86,2388.71,2373.86,0.1,TP
2023-11-23 11:00:00,2023-11-23 12:00:00,sell,2372.68,2367.21,2383.62,2367.21,0.1,TP
2023-11-23 16:00:00,2023-11-23 20:00:00,sell,2363.72,2373.91,2373.91,2358.62,0.1,SL
2023-11-23 23:00:00,2023-11-24 03:00:00,sell,2391.58,2387.67,2399.41,2387.67,0.1,TP
2023-11-24 06:00:00,2023-11-24 08:00:00,sell,2390.98,2387.12,2398.7,2387.12,0.1,TP
2023-11-24 16:00:00,2023-11-24 17:00:00,buy,2385.34,2389.77,2376.47,2389.77,0.1,TP
2023-11-27 07:00:00,2023-11-27 08:00:00,sell,2422.46,2418.58,2430.23,2418.58,0.1,TP
2023-11-27 12:00:00,2023-11-27 13:00:00,buy,2426.18,2430.25,2418.04,2430.25,0.1,TP
2023-11-27 15:00:00,2023-11-27 16:00:00,sell,2443.74,2440.44,2450.33,2440.44,0.1,TP
2023-11-27 21:00:00,2023-11-27 22:00:00,sell,2455.71,2462.93,2462.93,2452.1,0.1,SL
2023-11-28 00:00:00,2023-11-28 01:00:00,buy,2472.95,2476.61,2465.63,2476.61,0.1,TP
2023-11-28 03:00:00,2023-11-28 04:00:00,buy,2476.42,2480.26,2468.74,2480.26,0.1,TP
2023-11-28 09:00:00,2023-11-28 11:00:00,buy,2465.27,2457.3,2457.3,2469.26,0.1,SL
2023-11-29 03:00:00,2023-11-29 06:00:00,sell,2410.69,2421.66,2421.66,2405.2,0.1,SL
2023-11-29 07:00:00,2023-11-29 09:00:00,buy,2424.36,2429.58,2413.91,2429.58,0.1,TP
2023-11-29 12:00:00,2023-11-29 15:00:00,sell,2448.13,2457.67,2457.67,2443.36,0.1,SL
2023-11-29 17:00:00,2023-11-29 18:00:00,buy,2451.15,2455.91,2441.64,2455.91,0.1,TP
2023-11-29 20:00:00,2023-11-29 22:00:00,sell,2460.93,2455.96,2470.88,2455.96,0.1,TP
2023-11-29 23:00:00,2023-11-30 03:00:00,buy,2444.45,2434.15,2434.15,2449.6,0.1,SL
2023-11-30 05:00:00,2023-11-30 07:00:00,sell,2420.04,2414.83,2430.47,2414.83,0.1,TP
2023-11-30 15:00:00,2023-11-30 16:00:00,buy,2371.83,2361.46,2361.46,2377.02,0.1,SL
2023-11-30 21:00:00,2023-12-01 05:00:00,buy,2360.41,2365.56,2350.11,2365.56,0.1,TP
2023-12-01 07:00:00,2023-12-01 10:00:00,buy,2375.0,2367.67,2367.67,2378.66,0.1,SL
2023-12-04 09:00:00,2023-12-04 11:00:00,buy,2306.0,2311.22,2295.57,2311.22,0.1,TP
2023-12-04 18:00:00,2023-12-04 19:00:00,sell,2318.4,2314.65,2325.9,2314.65,0.1,TP
2023-12-04 20:00:00,2023-12-04 22:00:00,sell,2309.68,2305.82,2317.41,2305.82,0.1,TP
2023-12-04 23:00:00,2023-12-05 00:00:00,buy,2305.89,2308.98,2299.71,2308.98,0.1,TP
2023-12-05 04:00:00,2023-12-05 06:00:00,sell,2324.45,2321.42,2330.52,2321.42,0.1,TP
2023-12-05 07:00:00,2023-12-05 08:00:00,sell,2303.21,2310.4,2310.4,2299.62,0.1,SL
2023-12-05 11:00:00,2023-12-05 15:00:00,buy,2336.98,2328.19,2328.19,2341.38,0.1,SL
2023-12-05 16:00:00,2023-12-05 20:00:00,sell,2317.96,2313.18,2327.52,2313.18,0.1,TP
2023-12-06 14:00:00,2023-12-06 16:00:00,buy,2349.6,2341.33,2341.33,2353.74,0.1,SL
2023-12-06 17:00:00,2023-12-06 18:00:00,sell,2353.73,2349.51,2362.17,2349.51,0.1,TP
2023-12-07 03:00:00,2023-12-07 04:00:00,buy,2310.54,2315.78,2300.06,2315.78,0.1,TP
2023-12-07 10:00:00,2023-12-07 11:00:00,sell,2313.82,2322.56,2322.56,2309.45,0.1,SL
2023-12-07 19:00:00,2023-12-07 20:00:00,sell,2346.89,2342.85,2354.98,2342.85,0.1,TP
2023-12-08 01:00:00,2023-12-08 02:00:00,buy,2351.26,2356.42,2340.94,2356.42,0.1,TP
2023-12-08 08:00:00,2023-12-08 10:00:00,buy,2351.85,2357.51,2340.52,2357.51,0.1,TP
2023-12-08 13:00:00,2023-12-08 16:00:00,sell,2352.47,2347.52,2362.38,2347.52,0.1,TP
2023-12-08 19:00:00,2023-12-08 21:00:00,buy,2351.26,2341.21,2341.21,2356.28,0.1,SL
2023-12-12 04:00:00,2023-12-12 05:00:00,sell,2336.21,2332.28,2344.06,2332.28,0.1,TP
2023-12-12 20:00:00,2023-12-12 23:00:00,buy,2350.21,2354.38,2341.88,2354.38,0.1,TP
2023-12-13 00:00:00,2023-12-13 01:00:00,buy,2364.4,2368.61,2355.98,2368.61,0.1,TP
2023-12-13 05:00:00,2023-12-13 06:00:00,sell,2365.44,2361.03,2374.26,2361.03,0.1,TP
2023-12-13 11:00:00,2023-12-13 12:00:00,buy,2336.85,2327.71,2327.71,2341.42,0.1,SL
2023-12-14 06:00:00,2023-12-14 07:00:00,sell,2300.13,2295.78,2308.83,2295.78,0.1,TP
2023-12-14 09:00:00,2023-12-14 10:00:00,buy,2274.75,2279.38,2265.5,2279.38,0.1,TP
2023-12-14 13:00:00,2023-12-14 15:00:00,sell,2282.64,2277.89,2292.14,2277.89,0.1,TP
2023-12-14 17:00:00,2023-12-14 18:00:00,buy,2280.29,2271.63,2271.63,2284.62,0.1,SL
2023-12-14 23:00:00,2023-12-15 00:00:00,buy,2269.92,2262.07,2262.07,2273.84,0.1,SL
2023-12-15 02:00:00,2023-12-15 04:00:00,sell,2272.87,2280.83,2280.83,2268.89,0.1,SL
2023-12-15 08:00:00,2023-12-15 09:00:00,buy,2286.6,2279.11,2279.11,2290.34,0.1,SL
2023-12-15 13:00:00,2023-12-15 14:00:00,sell,2306.96,2302.49,2315.9,2302.49,0.1,TP
2023-12-15 16:00:00,2023-12-15 17:00:00,sell,2304.37,2300.13,2312.85,2300.13,0.1,TP
2023-12-15 18:00:00,2023-12-15 20:00:00,buy,2298.31,2302.3,2290.33,2302.3,0.1,TP
2023-12-18 05:00:00,2023-12-18 07:00:00,sell,2316.1,2312.27,2323.75,2312.27,0.1,TP
2023-12-18 10:00:00,2023-12-18 11:00:00,sell,2321.71,2318.21,2328.71,2318.21,0.1,TP
2023-12-18 14:00:00,2023-12-18 15:00:00,buy,2308.1,2300.41,2300.41,2311.94,0.1,SL
2023-12-18 16:00:00,2023-12-18 18:00:00,buy,2301.19,2293.78,2293.78,2304.89,0.1,SL
2023-12-18 20:00:00,2023-12-18 21:00:00,buy,2295.15,2298.61,2288.23,2298.61,0.1,TP
2023-12-18 22:00:00,2023-12-18 23:00:00,sell,2299.54,2295.69,2307.25,2295.69,0.1,TP
2023-12-19 00:00:00,2023-12-19 03:00:00,sell,2288.11,2284.24,2295.85,2284.24,0.1,TP
2023-12-19 17:00:00,2023-12-19 18:00:00,sell,2279.82,2276.26,2286.94,2276.26,0.1,TP
2023-12-19 19:00:00,2023-12-19 20:00:00,sell,2285.79,2282.19,2292.98,2282.19,0.1,TP
2023-12-20 03:00:00,2023-12-20 04:00:00,sell,2283.89,2291.09,2291.09,2280.29,0.1,SL
2023-12-20 05:00:00,2023-12-20 06:00:00,sell,2277.6,2273.59,2285.62,2273.59,0.1,TP
2023-12-20 07:00:00,2023-12-20 09:00:00,buy,2259.87,2264.13,2251.35,2264.13,0.1,TP
2023-12-21 03:00:00,2023-12-21 05:00:00,sell,2283.89,2279.13,2293.42,2279.13,0.1,TP
2023-12-21 06:00:00,2023-12-21 08:00:00,sell,2280.73,2290.56,2290.56,2275.82,0.1,SL
2023-12-21 22:00:00,2023-12-21 23:00:00,sell,2287.17,2294.16,2294.16,2283.67,0.1,SL
2023-12-22 02:00:00,2023-12-22 04:00:00,buy,2305.15,2308.84,2297.78,2308.84,0.1,TP
2023-12-22 07:00:00,2023-12-22 08:00:00,buy,2315.7,2307.79,2307.79,2319.65,0.1,SL
2023-12-22 11:00:00,2023-12-22 12:00:00,buy,2291.59,2295.64,2283.49,2295.64,0.1,TP
2023-12-22 14:00:00,2023-12-22 16:00:00,buy,2282.71,2286.91,2274.3,2286.91,0.1,TP
2023-12-22 17:00:00,2023-12-22 18:00:00,buy,2295.51,2299.84,2286.86,2299.84,0.1,TP
2023-12-25 00:00:00,2023-12-25 04:00:00,buy,2293.45,2298.05,2284.24,2298.05,0.1,TP
2023-12-25 21:00:00,2023-12-26 00:00:00,buy,2333.86,2325.61,2325.61,2337.99,0.1,SL
2023-12-26 02:00:00,2023-12-26 03:00:00,sell,2317.41,2325.59,2325.59,2313.32,0.1,SL
2023-12-26 09:00:00,2023-12-26 12:00:00,sell,2326.39,2321.94,2335.29,2321.94,0.1,TP
2023-12-27 00:00:00,2023-12-27 04:00:00,buy,2290.08,2295.62,2278.99,2295.62,0.1,TP
2023-12-27 16:00:00,2023-12-27 17:00:00,sell,2308.95,2318.29,2318.29,2304.28,0.1,SL
2023-12-28 01:00:00,2023-12-28 03:00:00,buy,2290.07,2280.38,2280.38,2294.92,0.1,SL
2023-12-28 04:00:00,2023-12-28 05:00:00,buy,2275.76,2280.26,2266.75,2280.26,0.1,TP
2023-12-28 09:00:00,2023-12-28 10:00:00,sell,2255.05,2250.81,2263.53,2250.81,0.1,TP
2023-12-28 12:00:00,2023-12-28 13:00:00,sell,2255.66,2251.77,2263.44,2251.77,0.1,TP
2023-12-28 16:00:00,2023-12-28 17:00:00,sell,2256.04,2252.6,2262.91,2252.6,0.1,TP
2023-12-29 11:00:00,2023-12-29 12:00:00,sell,2253.86,2262.24,2262.24,2249.67,0.1,SL
2023-12-29 13:00:00,2023-12-29 15:00:00,sell,2264.75,2272.94,2272.94,2260.66,0.1,SL
2023-12-29 23:00:00,2024-01-01 00:00:00,buy,2278.04,2282.57,2268.98,2282.57,0.1,TP
2024-01-01 05:00:00,2024-01-01 06:00:00,sell,2275.13,2270.5,2284.39,2270.5,0.1,TP
2024-01-01 07:00:00,2024-01-01 08:00:00,buy,2275.27,2266.32,2266.32,2279.74,0.1,SL
2024-01-01 13:00:00,2024-01-01 14:00:00,buy,2281.48,2286.17,2272.1,2286.17,0.1,TP
2024-01-01 16:00:00,2024-01-01 18:00:00,buy,2311.56,2316.67,2301.35,2316.67,0.1,TP
2024-01-01 22:00:00,2024-01-01 23:00:00,sell,2331.14,2340.25,2340.25,2326.59,0.1,SL
2024-01-02 13:00:00,2024-01-02 14:00:00,buy,2354.7,2358.32,2347.46,2358.32,0.1,TP
2024-01-03 02:00:00,2024-01-03 04:00:00,sell,2354.63,2350.5,2362.88,2350.5,0.1,TP
2024-01-04 00:00:00,2024-01-04 03:00:00,buy,2319.84,2310.66,2310.66,2324.43,0.1,SL
2024-01-04 11:00:00,2024-01-04 13:00:00,sell,2353.61,2348.97,2362.9,2348.97,0.1,TP
2024-01-04 16:00:00,2024-01-04 19:00:00,buy,2337.55,2342.29,2328.08,2342.29,0.1,TP
2024-01-05 03:00:00,2024-01-05 06:00:00,buy,2384.92,2377.05,2377.05,2388.86,0.1,SL
2024-01-05 07:00:00,2024-01-05 09:00:00,buy,2367.8,2359.69,2359.69,2371.86,0.1,SL
2024-01-05 10:00:00,2024-01-05 12:00:00,buy,2368.28,2360.13,2360.13,2372.36,0.1,SL
2024-01-05 20:00:00,2024-01-05 21:00:00,sell,2379.19,2374.79,2387.99,2374.79,0.1,TP
2024-01-08 03:00:00,2024-01-08 04:00:00,buy,2398.0,2402.21,2389.58,2402.21,0.1,TP
2024-01-08 11:00:00,2024-01-08 12:00:00,sell,2412.56,2407.91,2421.87,2407.91,0.1,TP
2024-01-08 17:00:00,2024-01-08 18:00:00,sell,2422.11,2416.9,2432.53,2416.9,0.1,TP
2024-01-08 23:00:00,2024-01-09 03:00:00,buy,2429.91,2419.74,2419.74,2434.99,0.1,SL
2024-01-09 08:00:00,2024-01-09 09:00:00,buy,2418.04,2421.89,2410.34,2421.89,0.1,TP
2024-01-09 19:00:00,2024-01-09 20:00:00,sell,2422.66,2418.92,2430.14,2418.92,0.1,TP
2024-01-10 01:00:00,2024-01-10 02:00:00,buy,2405.0,2408.61,2397.78,2408.61,0.1,TP
2024-01-10 04:00:00,2024-01-10 05:00:00,buy,2434.68,2438.71,2426.63,2438.71,0.1,TP
2024-01-11 01:00:00,2024-01-11 04:00:00,buy,2417.38,2422.37,2407.41,2422.37,0.1,TP
2024-01-11 08:00:00,2024-01-11 09:00:00,sell,2426.5,2435.55,2435.55,2421.97,0.1,SL
2024-01-11 22:00:00,2024-01-11 23:00:00,buy,2465.72,2470.61,2455.94,2470.61,0.1,TP
2024-01-12 01:00:00,2024-01-12 04:00:00,buy,2446.62,2436.55,2436.55,2451.65,0.1,SL
2024-01-12 07:00:00,2024-01-12 08:00:00,buy,2425.36,2416.83,2416.83,2429.62,0.1,SL
2024-01-12 15:00:00,2024-01-12 16:00:00,sell,2421.78,2417.27,2430.8,2417.27,0.1,TP
2024-01-12 20:00:00,2024-01-15 00:00:00,buy,2422.8,2413.77,2413.77,2427.32,0.1,SL
2024-01-15 01:00:00,2024-01-15 02:00:00,sell,2413.22,2421.3,2421.3,2409.18,0.1,SL
2024-01-15 13:00:00,2024-01-15 14:00:00,buy,2414.55,2405.81,2405.81,2418.92,0.1,SL
2024-01-15 22:00:00,2024-01-15 23:00:00,buy,2375.54,2379.6,2367.41,2379.6,0.1,TP
2024-01-16 13:00:00,2024-01-16 14:00:00,sell,2350.47,2346.34,2358.73,2346.34,0.1,TP
2024-01-16 15:00:00,2024-01-16 17:00:00,sell,2336.15,2331.69,2345.07,2331.69,0.1,TP
2024-01-16 20:00:00,2024-01-16 23:00:00,buy,2320.85,2325.03,2312.49,2325.03,0.1,TP
2024-01-17 09:00:00,2024-01-17 10:00:00,sell,2313.85,2309.73,2322.08,2309.73,0.1,TP
2024-01-17 13:00:00,2024-01-17 14:00:00,buy,2321.31,2312.32,2312.32,2325.8,0.1,SL
2024-01-17 16:00:00,2024-01-17 19:00:00,buy,2312.68,2316.96,2304.12,2316.96,0.1,TP
2024-01-17 21:00:00,2024-01-17 22:00:00,sell,2321.46,2317.63,2329.12,2317.63,0.1,TP
2024-01-18 06:00:00,2024-01-18 08:00:00,sell,2311.8,2308.85,2317.7,2308.85,0.1,TP
2024-01-18 11:00:00,2024-01-18 12:00:00,buy,2311.76,2305.85,2305.85,2314.71,0.1,SL
2024-01-18 15:00:00,2024-01-18 17:00:00,buy,2309.98,2312.94,2304.07,2312.94,0.1,TP
2024-01-18 23:00:00,2024-01-19 00:00:00,buy,2303.53,2307.66,2295.28,2307.66,0.1,TP
2024-01-19 06:00:00,2024-01-19 09:00:00,sell,2305.09,2314.67,2314.67,2300.3,0.1,SL
2024-01-19 20:00:00,2024-01-19 22:00:00,sell,2301.39,2312.74,2312.74,2295.72,0.1,SL
2024-01-22 00:00:00,2024-01-22 05:00:00,buy,2320.15,2325.9,2308.64,2325.9,0.1,TP
2024-01-22 06:00:00,2024-01-22 07:00:00,buy,2315.43,2320.86,2304.58,2320.86,0.1,TP
2024-01-23 06:00:00,2024-01-23 07:00:00,buy,2329.59,2333.83,2321.12,2333.83,0.1,TP
2024-01-23 14:00:00,2024-01-23 15:00:00,sell,2311.34,2306.85,2320.32,2306.85,0.1,TP
2024-01-24 15:00:00,2024-01-24 16:00:00,buy,2238.41,2242.56,2230.12,2242.56,0.1,TP
2024-01-26 05:00:00,2024-01-26 06:00:00,sell,2182.79,2191.68,2191.68,2178.34,0.1,SL
2024-01-26 19:00:00,2024-01-26 20:00:00,sell,2187.76,2184.15,2194.98,2184.15,0.1,TP
2024-01-26 21:00:00,2024-01-26 22:00:00,sell,2184.95,2181.54,2191.76,2181.54,0.1,TP
2024-01-29 14:00:00,2024-01-29 15:00:00,sell,2200.94,2209.93,2209.93,2196.45,0.1,SL
2024-01-29 16:00:00,2024-01-29 17:00:00,sell,2207.42,2203.25,2215.76,2203.25,0.1,TP
2024-01-29 21:00:00,2024-01-29 22:00:00,sell,2197.57,2193.78,2205.14,2193.78,0.1,TP
2024-01-30 02:00:00,2024-01-30 07:00:00,sell,2204.92,2201.01,2212.74,2201.01,0.1,TP
2024-01-30 08:00:00,2024-01-30 09:00:00,sell,2189.7,2197.34,2197.34,2185.88,0.1,SL
2024-01-30 14:00:00,2024-01-30 15:00:00,buy,2210.72,2202.29,2202.29,2214.93,0.1,SL
2024-01-30 18:00:00,2024-01-30 19:00:00,sell,2197.41,2207.15,2207.15,2192.54,0.1,SL
2024-01-31 03:00:00,2024-01-31 04:00:00,buy,2215.04,2219.25,2206.62,2219.25,0.1,TP
2024-01-31 20:00:00,2024-01-31 22:00:00,buy,2257.68,2261.76,2249.52,2261.76,0.1,TP
2024-02-01 00:00:00,2024-02-01 02:00:00,sell,2258.97,2254.54,2267.83,2254.54,0.1,TP
2024-02-01 04:00:00,2024-02-01 05:00:00,sell,2250.2,2245.75,2259.1,2245.75,0.1,TP
2024-02-01 09:00:00,2024-02-01 10:00:00,sell,2255.21,2250.39,2264.85,2250.39,0.1,TP
2024-02-01 16:00:00,2024-02-01 17:00:00,sell,2237.91,2246.53,2246.53,2233.6,0.1,SL
2024-02-01 20:00:00,2024-02-01 21:00:00,buy,2238.26,2230.22,2230.22,2242.28,0.1,SL
2024-02-02 00:00:00,2024-02-02 01:00:00,sell,2221.97,2230.41,2230.41,2217.75,0.1,SL
2024-02-02 02:00:00,2024-02-02 03:00:00,sell,2223.89,2219.42,2232.82,2219.42,0.1,TP
2024-02-02 06:00:00,2024-02-02 08:00:00,sell,2235.68,2230.92,2245.2,2230.92,0.1,TP
2024-02-02 22:00:00,2024-02-02 23:00:00,buy,2263.36,2254.96,2254.96,2267.56,0.1,SL
2024-02-05 04:00:00,2024-02-05 06:00:00,buy,2240.84,2245.31,2231.91,2245.31,0.1,TP
2024-02-05 08:00:00,2024-02-05 09:00:00,sell,2246.28,2242.52,2253.8,2242.52,0.1,TP
2024-02-05 12:00:00,2024-02-05 13:00:00,buy,2272.13,2276.66,2263.07,2276.66,0.1,TP
2024-02-05 21:00:00,2024-02-05 23:00:00,buy,2276.11,2280.59,2267.14,2280.59,0.1,TP
2024-02-06 16:00:00,2024-02-06 17:00:00,buy,2256.05,2260.16,2247.83,2260.16,0.1,TP
2024-02-07 01:00:00,2024-02-07 02:00:00,buy,2252.93,2257.39,2244.0,2257.39,0.1,TP
2024-02-07 19:00:00,2024-02-07 20:00:00,sell,2232.87,2228.21,2242.2,2228.21,0.1,TP
2024-02-08 07:00:00,2024-02-08 08:00:00,buy,2203.6,2208.09,2194.62,2208.09,0.1,TP
2024-02-08 10:00:00,2024-02-08 14:00:00,buy,2195.89,2199.87,2187.92,2199.87,0.1,TP
2024-02-08 16:00:00,2024-02-08 17:00:00,buy,2211.84,2216.0,2203.53,2216.0,0.1,TP
2024-02-08 20:00:00,2024-02-08 22:00:00,sell,2223.93,2232.5,2232.5,2219.65,0.1,SL
2024-02-08 23:00:00,2024-02-09 02:00:00,sell,2239.37,2248.21,2248.21,2234.95,0.1,SL
2024-02-09 22:00:00,2024-02-09 23:00:00,sell,2252.86,2249.32,2259.93,2249.32,0.1,TP
2024-02-12 00:00:00,2024-02-12 01:00:00,sell,2239.32,2246.91,2246.91,2235.53,0.1,SL
2024-02-12 02:00:00,2024-02-12 03:00:00,sell,2253.5,2249.28,2261.94,2249.28,0.1,TP
2024-02-12 05:00:00,2024-02-12 06:00:00,sell,2257.68,2253.65,2265.74,2253.65,0.1,TP
2024-02-12 08:00:00,2024-02-12 10:00:00,sell,2262.79,2271.01,2271.01,2258.68,0.1,SL
2024-02-13 03:00:00,2024-02-13 06:00:00,sell,2243.1,2238.71,2251.87,2238.71,0.1,TP
2024-02-13 18:00:00,2024-02-13 19:00:00,sell,2246.31,2242.19,2254.55,2242.19,0.1,TP
2024-02-14 01:00:00,2024-02-14 03:00:00,sell,2228.91,2238.0,2238.0,2224.37,0.1,SL
2024-02-15 05:00:00,2024-02-15 06:00:00,sell,2228.61,2236.86,2236.86,2224.49,0.1,SL
2024-02-15 10:00:00,2024-02-15 12:00:00,buy,2252.49,2257.03,2243.41,2257.03,0.1,TP
2024-02-15 13:00:00,2024-02-15 14:00:00,sell,2260.13,2255.94,2268.52,2255.94,0.1,TP
2024-02-15 19:00:00,2024-02-15 20:00:00,buy,2250.65,2255.6,2240.75,2255.6,0.1,TP
2024-02-16 11:00:00,2024-02-16 12:00:00,buy,2213.73,2218.38,2204.42,2218.38,0.1,TP
2024-02-16 17:00:00,2024-02-16 18:00:00,buy,2211.45,2215.63,2203.09,2215.63,0.1,TP
2024-02-19 04:00:00,2024-02-19 05:00:00,buy,2258.21,2262.74,2249.14,2262.74,0.1,TP
2024-02-19 15:00:00,2024-02-19 17:00:00,buy,2236.1,2240.88,2226.55,2240.88,0.1,TP
2024-02-20 04:00:00,2024-02-20 05:00:00,buy,2259.18,2252.34,2252.34,2262.6,0.1,SL
2024-02-20 06:00:00,2024-02-20 07:00:00,buy,2245.06,2248.92,2237.34,2248.92,0.1,TP
2024-02-20 19:00:00,2024-02-20 21:00:00,sell,2231.1,2227.29,2238.72,2227.29,0.1,TP
2024-02-20 23:00:00,2024-02-21 00:00:00,sell,2242.7,2250.2,2250.2,2238.95,0.1,SL
2024-02-21 08:00:00,2024-02-21 09:00:00,sell,2292.35,2301.58,2301.58,2287.73,0.1,SL
2024-02-21 11:00:00,2024-02-21 12:00:00,sell,2303.85,2299.28,2313.0,2299.28,0.1,TP
2024-02-21 22:00:00,2024-02-22 01:00:00,sell,2335.75,2331.37,2344.52,2331.37,0.1,TP
2024-02-22 07:00:00,2024-02-22 08:00:00,buy,2315.73,2306.27,2306.27,2320.46,0.1,SL
2024-02-23 04:00:00,2024-02-23 06:00:00,sell,2275.91,2271.3,2285.13,2271.3,0.1,TP
2024-02-23 11:00:00,2024-02-23 12:00:00,sell,2243.66,2253.23,2253.23,2238.87,0.1,SL
2024-02-23 18:00:00,2024-02-23 19:00:00,sell,2290.21,2285.81,2299.01,2285.81,0.1,TP
2024-02-26 07:00:00,2024-02-26 09:00:00,sell,2244.25,2239.11,2254.54,2239.11,0.1,TP
2024-02-26 19:00:00,2024-02-26 20:00:00,sell,2258.77,2266.27,2266.27,2255.02,0.1,SL
2024-02-27 01:00:00,2024-02-27 02:00:00,buy,2251.83,2255.37,2244.75,2255.37,0.1,TP
2024-02-27 07:00:00,2024-02-27 08:00:00,sell,2284.03,2279.77,2292.56,2279.77,0.1,TP
2024-02-27 09:00:00,2024-02-27 11:00:00,sell,2292.89,2301.36,2301.36,2288.66,0.1,SL
2024-02-27 19:00:00,2024-02-27 20:00:00,buy,2274.15,2278.12,2266.22,2278.12,0.1,TP
2024-02-29 04:00:00,2024-02-29 05:00:00,sell,2261.91,2268.92,2268.92,2258.4,0.1,SL
2024-02-29 15:00:00,2024-02-29 16:00:00,sell,2240.25,2235.23,2250.29,2235.23,0.1,TP
2024-02-29 19:00:00,2024-02-29 21:00:00,sell,2234.09,2243.98,2243.98,2229.15,0.1,SL
2024-03-01 05:00:00,2024-03-01 07:00:00,sell,2285.54,2294.75,2294.75,2280.94,0.1,SL
2024-03-01 08:00:00,2024-03-01 11:00:00,sell,2308.32,2303.77,2317.43,2303.77,0.1,TP
2024-03-01 13:00:00,2024-03-01 14:00:00,sell,2310.53,2306.66,2318.28,2306.66,0.1,TP
2024-03-04 03:00:00,2024-03-04 07:00:00,sell,2295.71,2291.59,2303.96,2291.59,0.1,TP
2024-03-05 13:00:00,2024-03-05 14:00:00,sell,2267.37,2276.6,2276.6,2262.75,0.1,SL
2024-03-05 22:00:00,2024-03-06 01:00:00,sell,2292.88,2301.92,2301.92,2288.36,0.1,SL
2024-03-06 14:00:00,2024-03-06 16:00:00,buy,2294.81,2284.93,2284.93,2299.75,0.1,SL
2024-03-06 19:00:00,2024-03-06 20:00:00,buy,2257.73,2262.4,2248.4,2262.4,0.1,TP
2024-03-07 08:00:00,2024-03-07 09:00:00,buy,2272.93,2264.65,2264.65,2277.07,0.1,SL
2024-03-07 13:00:00,2024-03-07 15:00:00,sell,2261.84,2271.16,2271.16,2257.18,0.1,SL
2024-03-07 20:00:00,2024-03-07 21:00:00,buy,2277.83,2282.88,2267.73,2282.88,0.1,TP
2024-03-08 09:00:00,2024-03-08 11:00:00,sell,2329.04,2339.45,2339.45,2323.83,0.1,SL
2024-03-08 13:00:00,2024-03-08 15:00:00,buy,2334.07,2338.85,2324.51,2338.85,0.1,TP
2024-03-11 10:00:00,2024-03-11 12:00:00,sell,2338.66,2334.53,2346.92,2334.53,0.1,TP
2024-03-11 21:00:00,2024-03-11 22:00:00,sell,2337.53,2333.34,2345.91,2333.34,0.1,TP
2024-03-11 23:00:00,2024-03-12 00:00:00,sell,2340.88,2336.6,2349.44,2336.6,0.1,TP
2024-03-13 13:00:00,2024-03-13 16:00:00,sell,2359.44,2353.05,2372.22,2353.05,0.1,TP
2024-03-14 07:00:00,2024-03-14 08:00:00,buy,2373.2,2377.77,2364.05,2377.77,0.1,TP
2024-03-14 09:00:00,2024-03-14 17:00:00,sell,2352.92,2362.49,2362.49,2348.14,0.1,SL
2024-03-14 19:00:00,2024-03-14 20:00:00,buy,2367.85,2371.7,2360.15,2371.7,0.1,TP
2024-03-14 23:00:00,2024-03-15 00:00:00,sell,2363.42,2371.56,2371.56,2359.35,0.1,SL
2024-03-15 01:00:00,2024-03-15 02:00:00,buy,2370.03,2374.45,2361.19,2374.45,0.1,TP
2024-03-15 07:00:00,2024-03-15 08:00:00,buy,2399.74,2404.92,2389.39,2404.92,0.1,TP
2024-03-18 06:00:00,2024-03-18 07:00:00,buy,2384.96,2376.41,2376.41,2389.23,0.1,SL
2024-03-18 12:00:00,2024-03-18 13:00:00,buy,2374.49,2379.1,2365.26,2379.1,0.1,TP
2024-03-18 14:00:00,2024-03-18 15:00:00,buy,2376.6,2381.3,2367.21,2381.3,0.1,TP
2024-03-18 22:00:00,2024-03-19 00:00:00,buy,2400.42,2391.91,2391.91,2404.68,0.1,SL
2024-03-19 06:00:00,2024-03-19 09:00:00,sell,2356.43,2351.93,2365.43,2351.93,0.1,TP
2024-03-19 15:00:00,2024-03-19 16:00:00,buy,2359.28,2363.16,2351.53,2363.16,0.1,TP
2024-03-20 07:00:00,2024-03-20 08:00:00,sell,2368.9,2365.63,2375.43,2365.63,0.1,TP
2024-03-20 09:00:00,2024-03-20 12:00:00,buy,2355.97,2348.76,2348.76,2359.57,0.1,SL
2024-03-20 15:00:00,2024-03-20 17:00:00,buy,2348.57,2341.1,2341.1,2352.31,0.1,SL
2024-03-21 06:00:00,2024-03-21 07:00:00,sell,2371.25,2367.18,2379.4,2367.18,0.1,TP
2024-03-21 08:00:00,2024-03-21 12:00:00,sell,2370.36,2366.04,2378.99,2366.04,0.1,TP
2024-03-22 13:00:00,2024-03-22 15:00:00,buy,2427.69,2420.48,2420.48,2431.3,0.1,SL
2024-03-22 20:00:00,2024-03-22 22:00:00,buy,2453.09,2444.11,2444.11,2457.58,0.1,SL
2024-03-25 00:00:00,2024-03-25 02:00:00,buy,2445.97,2436.54,2436.54,2450.68,0.1,SL
2024-03-25 08:00:00,2024-03-25 09:00:00,sell,2423.0,2419.19,2430.61,2419.19,0.1,TP
2024-03-25 13:00:00,2024-03-25 15:00:00,buy,2398.3,2402.36,2390.18,2402.36,0.1,TP
2024-03-25 19:00:00,2024-03-25 20:00:00,buy,2401.07,2404.99,2393.24,2404.99,0.1,TP
2024-03-26 10:00:00,2024-03-26 11:00:00,buy,2424.95,2428.92,2417.01,2428.92,0.1,TP
2024-03-26 17:00:00,2024-03-26 18:00:00,sell,2425.35,2421.76,2432.53,2421.76,0.1,TP
2024-03-27 07:00:00,2024-03-27 08:00:00,sell,2435.63,2430.45,2445.98,2430.45,0.1,TP
2024-03-27 13:00:00,2024-03-27 14:00:00,buy,2420.71,2426.12,2409.88,2426.12,0.1,TP
2024-03-27 18:00:00,2024-03-27 19:00:00,buy,2423.49,2428.14,2414.19,2428.14,0.1,TP
2024-03-27 21:00:00,2024-03-27 22:00:00,sell,2450.14,2445.14,2460.14,2445.14,0.1,TP
2024-03-28 09:00:00,2024-03-28 12:00:00,buy,2441.43,2430.21,2430.21,2447.04,0.1,SL
2024-03-28 20:00:00,2024-03-28 21:00:00,buy,2441.95,2445.88,2434.1,2445.88,0.1,TP
2024-03-28 22:00:00,2024-03-29 00:00:00,sell,2451.38,2458.82,2458.82,2447.66,0.1,SL
2024-03-29 07:00:00,2024-03-29 09:00:00,buy,2470.68,2475.16,2461.71,2475.16,0.1,TP
2024-04-01 00:00:00,2024-04-01 01:00:00,sell,2531.24,2525.63,2542.45,2525.63,0.1,TP
2024-04-01 04:00:00,2024-04-01 09:00:00,sell,2533.5,2528.28,2543.94,2528.28,0.1,TP
2024-04-01 20:00:00,2024-04-01 21:00:00,buy,2515.39,2519.51,2507.15,2519.51,0.1,TP
2024-04-01 22:00:00,2024-04-01 23:00:00,sell,2520.99,2516.84,2529.29,2516.84,0.1,TP
2024-04-02 21:00:00,2024-04-02 23:00:00,buy,2499.08,2491.31,2491.31,2502.96,0.1,SL
2024-04-04 00:00:00,2024-04-04 02:00:00,buy,2447.25,2439.55,2439.55,2451.1,0.1,SL
2024-04-04 09:00:00,2024-04-04 12:00:00,buy,2458.3,2462.58,2449.75,2462.58,0.1,TP
2024-04-04 18:00:00,2024-04-04 20:00:00,buy,2459.73,2451.72,2451.72,2463.74,0.1,SL
2024-04-04 22:00:00,2024-04-05 01:00:00,buy,2437.8,2441.99,2429.43,2441.99,0.1,TP
2024-04-05 02:00:00,2024-04-05 03:00:00,sell,2444.8,2440.71,2452.98,2440.71,0.1,TP
2024-04-05 09:00:00,2024-04-05 10:00:00,sell,2443.3,2439.07,2451.76,2439.07,0.1,TP
2024-04-05 11:00:00,2024-04-05 13:00:00,sell,2438.55,2434.68,2446.3,2434.68,0.1,TP
2024-04-05 15:00:00,2024-04-05 16:00:00,sell,2417.03,2412.91,2425.27,2412.91,0.1,TP
2024-04-08 03:00:00,2024-04-08 07:00:00,sell,2423.47,2433.6,2433.6,2418.41,0.1,SL
2024-04-08 09:00:00,2024-04-08 10:00:00,buy,2446.56,2451.65,2436.38,2451.65,0.1,TP
2024-04-09 19:00:00,2024-04-09 20:00:00,buy,2463.92,2469.09,2453.58,2469.09,0.1,TP
2024-04-10 06:00:00,2024-04-10 07:00:00,buy,2476.2,2480.85,2466.9,2480.85,0.1,TP
2024-04-10 14:00:00,2024-04-10 16:00:00,buy,2477.42,2482.66,2466.94,2482.66,0.1,TP
2024-04-10 19:00:00,2024-04-10 21:00:00,sell,2483.02,2478.29,2492.48,2478.29,0.1,TP
2024-04-10 23:00:00,2024-04-11 05:00:00,sell,2459.6,2454.22,2470.35,2454.22,0.1,TP
